date	location_name	proportion	inf_mean	cases_mean	reff_mean	daily_cases	population
2020-02-04	South Africa	6.542729050636864e-07	0.0	0.0			55588424.5221186
2020-02-05	South Africa	1.1565357455744953e-06	0.0	0.0			55588424.5221186
2020-02-06	South Africa	1.7964171652367258e-06	0.0	0.0			55588424.5221186
2020-02-07	South Africa	2.574816631887969e-06	2.17	0.0	inf		55588424.5221186
2020-02-08	South Africa	3.4741045759114414e-06	6.42	0.0	inf		55588424.5221186
2020-02-09	South Africa	4.420344741057163e-06	10.42	0.0	inf		55588424.5221186
2020-02-10	South Africa	5.387092772899959e-06	17.36	0.0	inf		55588424.5221186
2020-02-11	South Africa	6.361576228146039e-06	27.92	0.0	inf		55588424.5221186
2020-02-12	South Africa	7.338758086904891e-06	35.57	0.0	inf		55588424.5221186
2020-02-13	South Africa	8.317558987771407e-06	43.27	0.0	inf		55588424.5221186
2020-02-14	South Africa	9.297799037178068e-06	49.99	0.0	inf		55588424.5221186
2020-02-15	South Africa	1.0240621224540945e-05	52.6	0.0	inf		55588424.5221186
2020-02-16	South Africa	1.110860768781625e-05	53.74	0.0	inf		55588424.5221186
2020-02-17	South Africa	1.1931440865644487e-05	54.17	0.0	inf		55588424.5221186
2020-02-18	South Africa	1.2709480545160694e-05	54.32	0.0	inf		55588424.5221186
2020-02-19	South Africa	1.3411425245616704e-05	54.41	0.0	inf		55588424.5221186
2020-02-20	South Africa	1.4129020686446798e-05	54.49	0.0	inf		55588424.5221186
2020-02-21	South Africa	1.4957430564868099e-05	54.58	0.0	inf		55588424.5221186
2020-02-22	South Africa	1.59835434739919e-05	54.67	0.64	inf		55588424.5221186
2020-02-23	South Africa	1.7324470126272546e-05	56.16	1.2	1.07		55588424.5221186
2020-02-24	South Africa	1.907087687973922e-05	60.61	1.7	1.14		55588424.5221186
2020-02-25	South Africa	2.1367218269109012e-05	66.94	2.36	inf		55588424.5221186
2020-02-26	South Africa	2.434985361856074e-05	75.46	3.24	inf		55588424.5221186
2020-02-27	South Africa	2.8086962590183782e-05	89.32	3.37	inf		55588424.5221186
2020-02-28	South Africa	3.2646544952500035e-05	107.03	3.41	inf		55588424.5221186
2020-02-29	South Africa	3.810505547170471e-05	127.14	3.42	inf		55588424.5221186
2020-03-01	South Africa	4.465929771066274e-05	150.82	3.42	inf		55588424.5221186
2020-03-02	South Africa	5.264873083128096e-05	181.82	3.43	inf		55588424.5221186
2020-03-03	South Africa	6.235632741526548e-05	220.12	3.43	inf		55588424.5221186
2020-03-04	South Africa	7.417263639769831e-05	262.15	3.44	inf		55588424.5221186
2020-03-05	South Africa	8.842362492292244e-05	307.95	3.44	inf	1.0	55588424.5221186
2020-03-06	South Africa	0.0001048308177484197	358.01	3.45	inf	0.0	55588424.5221186
2020-03-07	South Africa	0.000122839782899099	419.01	3.46	3.99	0.0	55588424.5221186
2020-03-08	South Africa	0.00014182233203718675	500.28	3.92	3.99	2.0	55588424.5221186
2020-03-09	South Africa	0.00016089392849119604	600.24	2.1	3.98	0.0	55588424.5221186
2020-03-10	South Africa	0.00017911750666792456	723.79	2.82	3.95	4.0	55588424.5221186
2020-03-11	South Africa	0.00019577043410665167	867.65	4.32	3.95	6.0	55588424.5221186
2020-03-12	South Africa	0.00021061471161755083	1001.37	6.1	3.86	4.0	55588424.5221186
2020-03-13	South Africa	0.00022385901573894313	1108.12	7.67	3.67	7.0	55588424.5221186
2020-03-14	South Africa	0.0002357665307601077	1182.35	8.17	3.37	14.0	55588424.5221186
2020-03-15	South Africa	0.00024647829323797883	1210.98	11.32	2.94	13.0	55588424.5221186
2020-03-16	South Africa	0.0002560052766801751	1194.84	16.89	2.45	11.0	55588424.5221186
2020-03-17	South Africa	0.000264249079305264	1145.83	22.24	1.98	0.0	55588424.5221186
2020-03-18	South Africa	0.00027086502503788075	1087.32	27.17	1.57	54.0	55588424.5221186
2020-03-19	South Africa	0.00027544385601192145	1044.18	30.39	1.24	34.0	55588424.5221186
2020-03-20	South Africa	0.00027808127560530573	1019.93	40.39	1.02	52.0	55588424.5221186
2020-03-21	South Africa	0.0002793757897171667	1014.46	59.89	0.9	38.0	55588424.5221186
2020-03-22	South Africa	0.0002801018401556701	1029.87	78.24	0.86	34.0	55588424.5221186
2020-03-23	South Africa	0.00028110582615598924	1058.5	98.89	0.88	130.0	55588424.5221186
2020-03-24	South Africa	0.00028332301437565104	1091.56	126.03	0.94	154.0	55588424.5221186
2020-03-25	South Africa	0.00028755303172227397	1122.18	138.39	1.02	157.0	55588424.5221186
2020-03-26	South Africa	0.00029409360205010063	1147.98	141.24	1.09	220.0	55588424.5221186
2020-03-27	South Africa	0.00030307191011136634	1180.08	139.6	1.15	246.0	55588424.5221186
2020-03-28	South Africa	0.0003145631514172938	1222.71	124.53	1.2	17.0	55588424.5221186
2020-03-29	South Africa	0.00032829136923531006	1266.79	106.17	1.23	95.0	55588424.5221186
2020-03-30	South Africa	0.0003440748710622217	1318.09	87.1	1.27	46.0	55588424.5221186
2020-03-31	South Africa	0.00036195539220569296	1380.97	62.82	1.3	27.0	55588424.5221186
2020-04-01	South Africa	0.00038191296447972947	1450.9	52.89	1.32	27.0	55588424.5221186
2020-04-02	South Africa	0.00040397475181302625	1543.27	55.67	1.37	83.0	55588424.5221186
2020-04-03	South Africa	0.00042799917796794657	1658.71	52.82	1.44	43.0	55588424.5221186
2020-04-04	South Africa	0.00045343882681853255	1777.59	54.32	1.5	81.0	55588424.5221186
2020-04-05	South Africa	0.0004798650119933883	1907.25	61.96	1.55	70.0	55588424.5221186
2020-04-06	South Africa	0.000507229881803554	2052.45	67.6	1.6	31.0	55588424.5221186
2020-04-07	South Africa	0.0005353240401364384	2200.97	70.03	1.64	63.0	55588424.5221186
2020-04-08	South Africa	0.0005639384506665856	2348.56	67.89	1.67	98.0	55588424.5221186
2020-04-09	South Africa	0.000593232678988384	2483.46	69.39	1.68	91.0	55588424.5221186
2020-04-10	South Africa	0.0006233472219780654	2594.23	79.89	1.65	69.0	55588424.5221186
2020-04-11	South Africa	0.0006548555803288777	2691.7	90.74	1.61	25.0	55588424.5221186
2020-04-12	South Africa	0.0006888453905500362	2787.96	96.24	1.55	147.0	55588424.5221186
2020-04-13	South Africa	0.0007259209151348342	2879.8	96.6	1.49	101.0	55588424.5221186
2020-04-14	South Africa	0.0007664284492007445	2971.6	105.24	1.43	145.0	55588424.5221186
2020-04-15	South Africa	0.000810842911766015	3079.32	129.6	1.38	93.0	55588424.5221186
2020-04-16	South Africa	0.00085987362316737	3217.29	144.53	1.35	101.0	55588424.5221186
2020-04-17	South Africa	0.0009147417009411229	3410.21	146.1	1.36	180.0	55588424.5221186
2020-04-18	South Africa	0.0009763811524898283	3667.03	150.74	1.4	255.0	55588424.5221186
2020-04-19	South Africa	0.0010451701140924096	3968.22	157.96	1.45	126.0	55588424.5221186
2020-04-20	South Africa	0.0011216378326245051	4304.2	179.39	1.52	144.0	55588424.5221186
2020-04-21	South Africa	0.0012063070787933228	4669.9	201.67	1.6	167.0	55588424.5221186
2020-04-22	South Africa	0.0012991395352689812	5074.1	200.17	1.68	172.0	55588424.5221186
2020-04-23	South Africa	0.0013993969188503858	5533.49	196.53	1.76	322.0	55588424.5221186
2020-04-24	South Africa	0.001505757011816278	6020.67	208.46	1.81	271.0	55588424.5221186
2020-04-25	South Africa	0.001616688919907077	6515.57	218.74	1.84	143.0	55588424.5221186
2020-04-26	South Africa	0.0017307515157533955	7038.68	234.74	1.86	187.0	55588424.5221186
2020-04-27	South Africa	0.001846579227284203	7586.43	246.53	1.87	250.0	55588424.5221186
2020-04-28	South Africa	0.001963653601237911	8132.01	247.67	1.85	205.0	55588424.5221186
2020-04-29	South Africa	0.0020823813769706794	8652.47	267.89	1.82	358.0	55588424.5221186
2020-04-30	South Africa	0.0022027751470322337	9129.68	304.46	1.76	301.0	55588424.5221186
2020-05-01	South Africa	0.0023254256818983033	9576.74	337.24	1.7	308.0	55588424.5221186
2020-05-02	South Africa	0.002452104393528241	10007.59	361.82	1.64	389.0	55588424.5221186
2020-05-03	South Africa	0.0025834256184551203	10406.9	364.1	1.58	453.0	55588424.5221186
2020-05-04	South Africa	0.0027192893358554023	10812.18	364.82	1.52	443.0	55588424.5221186
2020-05-05	South Africa	0.002860491754658921	11269.79	399.96	1.47	356.0	55588424.5221186
2020-05-06	South Africa	0.0030078083960352487	11766.6	436.03	1.43	239.0	55588424.5221186
2020-05-07	South Africa	0.0031624954567663634	12351.44	456.89	1.41	430.0	55588424.5221186
2020-05-08	South Africa	0.0033261788149154966	13062.54	482.03	1.41	671.0	55588424.5221186
2020-05-09	South Africa	0.003498392905929911	13815.51	521.46	1.42	531.0	55588424.5221186
2020-05-10	South Africa	0.0036776570258553634	14591.13	581.74	1.43	603.0	55588424.5221186
2020-05-11	South Africa	0.0038630877173817715	15435.65	634.39	1.46	645.0	55588424.5221186
2020-05-12	South Africa	0.004053002795759274	16321.11	660.6	1.48	706.0	55588424.5221186
2020-05-13	South Africa	0.004246429036787595	17251.28	691.6	1.5	733.0	55588424.5221186
2020-05-14	South Africa	0.004443401879499539	18228.58	754.53	1.52	673.0	55588424.5221186
2020-05-15	South Africa	0.004641930261889812	19149.85	815.67	1.52	795.0	55588424.5221186
2020-05-16	South Africa	0.004840571437546918	19972.6	841.1	1.51	841.0	55588424.5221186
2020-05-17	South Africa	0.00504069763460389	20714.7	851.89	1.48	1174.0	55588424.5221186
2020-05-18	South Africa	0.005242440355258577	21369.26	891.53	1.45	930.0	55588424.5221186
2020-05-19	South Africa	0.005444170843150674	22022.05	940.1	1.41	777.0	55588424.5221186
2020-05-20	South Africa	0.005685758549862104	22716.01	982.74	1.38	813.0	55588424.5221186
2020-05-21	South Africa	0.00602741133393126	23387.32	1016.53	1.34	1148.0	55588424.5221186
2020-05-22	South Africa	0.006417897126371069	24104.69	1030.53	1.31	1000.0	55588424.5221186
2020-05-23	South Africa	0.006792927362957552	24940.21	1030.17	1.3	1233.0	55588424.5221186
2020-05-24	South Africa	0.007169745741605166	25805.69	1084.53	1.29	1255.0	55588424.5221186
2020-05-25	South Africa	0.0075088262275523785	26649.53	1171.46	1.28	1045.0	55588424.5221186
2020-05-26	South Africa	0.007784098644994457	29750.59	1256.89	1.38	657.0	55588424.5221186
2020-05-27	South Africa	0.00804597456835702	36243.22	1355.1	1.62	1694.0	55588424.5221186
2020-05-28	South Africa	0.008321588243896678	39935.07	1426.32	1.73	1484.0	55588424.5221186
2020-05-29	South Africa	0.008613540752706178	39997.19	1507.17	1.69	1860.0	55588424.5221186
2020-05-30	South Africa	0.008923772786591903	40919.34	1611.89	1.69	1748.0	55588424.5221186
2020-05-31	South Africa	0.009254524740043728	39563.65	1673.03	1.58	1737.0	55588424.5221186
2020-06-01	South Africa	0.009612540643014339	36671.22	1806.17	1.4	1695.0	55588424.5221186
2020-06-02	South Africa	0.010005262692391968	36579.32	1994.67	1.33	1473.0	55588424.5221186
2020-06-03	South Africa	0.010397297188554542	38036.94	2111.6	1.24	1734.0	55588424.5221186
2020-06-04	South Africa	0.010733811852548243	39616.5	2213.46	1.14	3308.0	55588424.5221186
2020-06-05	South Africa	0.011069648677579536	41350.0	2323.17	1.1	2675.0	55588424.5221186
2020-06-06	South Africa	0.011465503573435492	43326.19	2437.32	1.15	2570.0	55588424.5221186
2020-06-07	South Africa	0.011897007617779395	45707.23	2536.82	1.21	2341.0	55588424.5221186
2020-06-08	South Africa	0.01239777266444705	48480.33	2580.03	1.29	2627.0	55588424.5221186
2020-06-09	South Africa	0.012984907850964405	51543.17	2623.17	1.39	2139.0	55588424.5221186
2020-06-10	South Africa	0.013600868643060173	54949.54	2766.89	1.47	2461.0	55588424.5221186
2020-06-11	South Africa	0.014220820553844899	58603.71	3002.67	1.52	3186.0	55588424.5221186
2020-06-12	South Africa	0.01484679997850289	62002.14	3211.67	1.55	3401.0	55588424.5221186
2020-06-13	South Africa	0.015481163522768637	64905.97	3326.53	1.55	3856.0	55588424.5221186
2020-06-14	South Africa	0.01612923117911435	67400.39	3495.46	1.54	4356.0	55588424.5221186
2020-06-15	South Africa	0.01679272902632037	69309.14	3638.53	1.5	3538.0	55588424.5221186
2020-06-16	South Africa	0.017480638610532177	70819.61	3696.17	1.44	2836.0	55588424.5221186
2020-06-17	South Africa	0.018215539632663952	72499.09	3813.6	1.39	4129.0	55588424.5221186
2020-06-18	South Africa	0.019006102243095804	74413.71	3920.39	1.34	3521.0	55588424.5221186
2020-06-19	South Africa	0.019842881130065188	76613.27	4000.89	1.29	3873.0	55588424.5221186
2020-06-20	South Africa	0.02072575198711695	79351.25	4182.46	1.27	5028.0	55588424.5221186
2020-06-21	South Africa	0.021653943970314272	82590.03	4422.96	1.26	4679.0	55588424.5221186
2020-06-22	South Africa	0.022616189805842787	86720.14	4763.6	1.28	4342.0	55588424.5221186
2020-06-23	South Africa	0.023606093737696534	92395.16	5160.74	1.32	4574.0	55588424.5221186
2020-06-24	South Africa	0.02460945208935852	98895.67	5495.89	1.38	5758.0	55588424.5221186
2020-06-25	South Africa	0.025602035535900444	105118.93	5782.03	1.44	6661.0	55588424.5221186
2020-06-26	South Africa	0.02656959830571053	111079.54	6039.03	1.47	6293.0	55588424.5221186
2020-06-27	South Africa	0.02750224679225598	116502.7	6347.74	1.5	7300.0	55588424.5221186
2020-06-28	South Africa	0.028391111523083882	120890.12	6699.53	1.5	6413.0	55588424.5221186
2020-06-29	South Africa	0.029237249013116265	124336.34	7031.17	1.48	6206.0	55588424.5221186
2020-06-30	South Africa	0.030038653269181734	126594.72	7392.53	1.44	7032.0	55588424.5221186
2020-07-01	South Africa	0.030778796030083853	127675.24	7861.96	1.37	8225.0	55588424.5221186
2020-07-02	South Africa	0.03145184262785374	128199.0	8301.82	1.29	8837.0	55588424.5221186
2020-07-03	South Africa	0.032068915701877476	128457.73	8683.67	1.21	9176.0	55588424.5221186
2020-07-04	South Africa	0.03262447632921117	128761.84	9119.74	1.15	10989.0	55588424.5221186
2020-07-05	South Africa	0.033106350392566604	129625.48	9399.96	1.11	8882.0	55588424.5221186
2020-07-06	South Africa	0.03351586892444984	131268.94	9807.32	1.08	9083.0	55588424.5221186
2020-07-07	South Africa	0.0338489933142701	133538.53	10402.6	1.07	10260.0	55588424.5221186
2020-07-08	South Africa	0.03410197422029315	136309.27	10831.39	1.08	8920.0	55588424.5221186
2020-07-09	South Africa	0.034305835727386075	139421.05	11260.17	1.09	13845.0	55588424.5221186
2020-07-10	South Africa	0.03452965588611443	141962.28	11684.53	1.11	12502.0	55588424.5221186
2020-07-11	South Africa	0.034818465294512255	143289.32	11897.46	1.11	13666.0	55588424.5221186
2020-07-12	South Africa	0.03516401853091233	143654.61	12209.03	1.11	12208.0	55588424.5221186
2020-07-13	South Africa	0.03554909708249969	142854.2	12458.1	1.1	11698.0	55588424.5221186
2020-07-14	South Africa	0.03593829177880542	140657.53	12495.89	1.07	10626.0	55588424.5221186
2020-07-15	South Africa	0.03627210875886061	139007.58	12554.6	1.04	12916.0	55588424.5221186
2020-07-16	South Africa	0.03649124646792004	140640.81	12639.74	1.03	13336.0	55588424.5221186
2020-07-17	South Africa	0.03652464676692043	144512.19	12577.32	1.03	13540.0	55588424.5221186
2020-07-18	South Africa	0.036344996955186226	147970.6	12246.1	1.04	13450.0	55588424.5221186
2020-07-19	South Africa	0.03598415672320558	151031.39	12106.32	1.06	13616.0	55588424.5221186
2020-07-20	South Africa	0.035456504963830224	152903.66	12129.82	1.07	9416.0	55588424.5221186
2020-07-21	South Africa	0.034793287930483106	152094.89	12166.1	1.07	8271.0	55588424.5221186
2020-07-22	South Africa	0.034070723649424595	148490.79	12129.17	1.06	13314.0	55588424.5221186
2020-07-23	South Africa	0.03330579785119333	141277.72	11890.82	1.01	13267.0	55588424.5221186
2020-07-24	South Africa	0.03243464508123614	131975.83	11571.24	0.93	14117.0	55588424.5221186
2020-07-25	South Africa	0.031422066644558135	123230.78	11344.1	0.85	12356.0	55588424.5221186
2020-07-26	South Africa	0.030298583823505164	114323.28	11147.03	0.77	11373.0	55588424.5221186
2020-07-27	South Africa	0.029106926017595548	105987.01	10868.96	0.7	7185.0	55588424.5221186
2020-07-28	South Africa	0.02789376949121897	100491.32	10508.39	0.66	7322.0	55588424.5221186
2020-07-29	South Africa	0.026707375910775637	96486.56	10144.96	0.64	11504.0	55588424.5221186
2020-07-30	South Africa	0.025594400313214267	92214.8	9773.67	0.64	11184.0	55588424.5221186
2020-07-31	South Africa	0.024612116313093468	88224.55	9429.6	0.65	11152.0	55588424.5221186
2020-08-01	South Africa	0.023774295302687445	85517.96	9104.46	0.68	10233.0	55588424.5221186
2020-08-02	South Africa	0.023049457886509774	84789.01	8701.03	0.72	8298.0	55588424.5221186
2020-08-03	South Africa	0.022423943306830247	85466.2	8300.17	0.78	5443.0	55588424.5221186
2020-08-04	South Africa	0.02187555305720426	86145.14	7832.82	0.83	4512.0	55588424.5221186
2020-08-05	South Africa	0.02135146984652777	86622.23	7390.39	0.88	8666.0	55588424.5221186
2020-08-06	South Africa	0.020821543332991146	86674.1	7106.89	0.92	8410.0	55588424.5221186
2020-08-07	South Africa	0.02029444564580375	85402.68	6878.24	0.94	7383.0	55588424.5221186
2020-08-08	South Africa	0.019782902276038242	82938.21	6619.17	0.95	7808.0	55588424.5221186
2020-08-09	South Africa	0.01927551858523446	79551.91	6062.67	0.93	6754.0	55588424.5221186
2020-08-10	South Africa	0.018743541644815266	75502.86	5331.53	0.89	3786.0	55588424.5221186
2020-08-11	South Africa	0.01817285790494102	71358.36	4942.6	0.83	2542.0	55588424.5221186
2020-08-12	South Africa	0.01757178636374803	67028.78	4637.67	0.78	2845.0	55588424.5221186
2020-08-13	South Africa	0.016946443762319054	62914.27	4190.89	0.73	3995.0	55588424.5221186
2020-08-14	South Africa	0.01630327244909405	59788.66	3888.74	0.7	6353.0	55588424.5221186
2020-08-15	South Africa	0.01566546844034952	57313.3	3783.74	0.68	4569.0	55588424.5221186
2020-08-16	South Africa	0.01505646269336114	55217.25	3845.46	0.68	3738.0	55588424.5221186
2020-08-17	South Africa	0.0144919640541253	53742.79	3920.67	0.69	2572.0	55588424.5221186
2020-08-18	South Africa	0.013983495785002948	52732.52	3707.89	0.72	2286.0	55588424.5221186
2020-08-19	South Africa	0.013538045851624332	51860.42	3441.6	0.75	3965.0	55588424.5221186
2020-08-20	South Africa	0.013163552957124024	50921.22	3313.6	0.78	3928.0	55588424.5221186
2020-08-21	South Africa	0.01286123210265705	49948.16	3181.46	0.81	3441.0	55588424.5221186
2020-08-22	South Africa	0.01261957189883791	49084.54	3069.03	0.84	3753.0	55588424.5221186
2020-08-23	South Africa	0.01242915203910995	48172.32	2929.89	0.85	2762.0	55588424.5221186
2020-08-24	South Africa	0.01228873557530292	47237.91	2747.17	0.86	1698.0	55588424.5221186
2020-08-25	South Africa	0.012193162800113256	46596.5	2541.32	0.87	1586.0	55588424.5221186
2020-08-26	South Africa	0.012133928705455838	46211.31	2335.96	0.88	2717.0	55588424.5221186
2020-08-27	South Africa	0.012112380334364237	46108.73	2226.74	0.9	2618.0	55588424.5221186
2020-08-28	South Africa	0.012128548268744934	46355.15	2232.89	0.92	1869.0	55588424.5221186
2020-08-29	South Africa	0.012172553473444099	46728.16	2229.96	0.94	2450.0	55588424.5221186
2020-08-30	South Africa	0.012241662105916163	47411.72	2179.6	0.98	2536.0	55588424.5221186
2020-08-31	South Africa	0.012337074955724303	48430.05	2142.53	1.01	2010.0	55588424.5221186
2020-09-01	South Africa	0.012455563832799407	49439.79	2146.24	1.05	1233.0	55588424.5221186
2020-09-02	South Africa	0.012594113181269167	50662.58	2117.53	1.09	2365.0	55588424.5221186
2020-09-03	South Africa	0.012745130773010045	51819.97	2010.1	1.12	2451.0	55588424.5221186
2020-09-04	South Africa	0.012903778010736508	52394.34	1864.53	1.13	2088.0	55588424.5221186
2020-09-05	South Africa	0.013074249112975238	52926.18	1772.03	1.14	1829.0	55588424.5221186
2020-09-06	South Africa	0.013254651059715242	53476.17	1737.03	1.14	1653.0	55588424.5221186
2020-09-07	South Africa	0.013436272864736589	53824.52	1682.1	1.13	855.0	55588424.5221186
2020-09-08	South Africa	0.01361443747517737	54298.24	1644.82	1.11	1093.0	55588424.5221186
2020-09-09	South Africa	0.013790713562946344	54606.14	1638.17	1.1	2015.0	55588424.5221186
2020-09-10	South Africa	0.013970245184606692	54927.68	1635.03	1.08	2032.0	55588424.5221186
2020-09-11	South Africa	0.01404013905250097	55831.37	1639.24	1.08	1985.0	55588424.5221186
2020-09-12	South Africa	0.014130732193848161	56756.42	1625.1	1.08	1839.0	55588424.5221186
2020-09-13	South Africa	0.014303633838077631	57507.79	1598.03	1.08	1599.0	55588424.5221186
2020-09-14	South Africa	0.014656711302832734	58333.94	1601.96	1.09	968.0	55588424.5221186
2020-09-15	South Africa	0.015243377326926	59238.7	1617.53	1.1	782.0	55588424.5221186
2020-09-16	South Africa	0.016035481625231482	60642.46	1639.67	1.12	1947.0	55588424.5221186
2020-09-17	South Africa	0.01699597997464513	55705.26	1653.24	1.02	2155.0	55588424.5221186
2020-09-18	South Africa	0.018055590325295794	57430.27	1634.74	1.05	2080.0	55588424.5221186
2020-09-19	South Africa	0.019094803983474105	62537.51	1659.53	1.12	2054.0	55588424.5221186
2020-09-20	South Africa	0.020008866406304286	73103.19	1699.82	1.28	1574.0	55588424.5221186
2020-09-21	South Africa	0.020696571091742687	86436.36	1679.24	1.49	734.0	55588424.5221186
2020-09-22	South Africa	0.02109571768009709	98330.07	1618.39	1.68	1363.0	55588424.5221186
2020-09-23	South Africa	0.021220107246080356	107998.73	1500.24	1.83	1930.0	55588424.5221186
2020-09-24	South Africa	0.021095755457746265	113829.75	1402.89	1.97	1884.0	55588424.5221186
2020-09-25	South Africa	0.02090642143559185	113599.62	1395.03	1.99	1499.0	55588424.5221186
2020-09-26	South Africa	0.02063513653896738	107567.71	1375.82	1.84	981.0	55588424.5221186
2020-09-27	South Africa	0.020275690482134998	95736.21	1333.67	1.53	1284.0	55588424.5221186
2020-09-28	South Africa	0.019739256138899836	80521.87	1315.24	1.17	914.0	55588424.5221186
2020-09-29	South Africa	0.018979019446399507	66153.32	1326.32	0.86	914.0	55588424.5221186
2020-09-30	South Africa	0.018020286752351046	53729.94	1411.82	0.6	1789.0	55588424.5221186
2020-10-01	South Africa	0.016898107260194747	45180.48	1499.89	0.43	1767.0	55588424.5221186
2020-10-02	South Africa	0.01567411052733309	42349.97	1523.6	0.38	1771.0	55588424.5221186
2020-10-03	South Africa	0.014452024084264908	42556.47	1534.32	0.39	1906.0	55588424.5221186
2020-10-04	South Africa	0.013330440399604227	43283.65	1553.89	0.45	1592.0	55588424.5221186
2020-10-05	South Africa	0.012407461192312879	44176.0	1563.74	0.55	938.0	55588424.5221186
2020-10-06	South Africa	0.01174126170350987	45035.63	1542.17	0.7	1040.0	55588424.5221186
2020-10-07	South Africa	0.011316642365888455	45618.54	1569.1	0.84	1937.0	55588424.5221186
2020-10-08	South Africa	0.011099235053054985	45789.7	1617.1	0.96	1757.0	55588424.5221186
2020-10-09	South Africa	0.011019393610557652	45665.76	1614.53	1.04	1479.0	55588424.5221186
2020-10-10	South Africa	0.010974168007896442	45220.64	1622.67	1.06	2575.0	55588424.5221186
2020-10-11	South Africa	0.01091334149537935	44429.25	1630.96	1.04	1595.0	55588424.5221186
2020-10-12	South Africa	0.010838876711828005	43488.89	1630.82	1.0	899.0	55588424.5221186
2020-10-13	South Africa	0.010761823619627206	42549.4	1673.67	0.96	1193.0	55588424.5221186
2020-10-14	South Africa	0.01069496383664269	41644.61	1669.53	0.92	1900.0	55588424.5221186
2020-10-15	South Africa	0.010650509797492564	40742.22	1631.32	0.89	1792.0	55588424.5221186
2020-10-16	South Africa	0.010633888531321722	39835.95	1679.03	0.87	2044.0	55588424.5221186
2020-10-17	South Africa	0.010641839107431753	39175.22	1711.17	0.86	1952.0	55588424.5221186
2020-10-18	South Africa	0.010672737986375816	39144.27	1714.74	0.88	1683.0	55588424.5221186
2020-10-19	South Africa	0.010726885410518089	39892.74	1755.53	0.91	1479.0	55588424.5221186
2020-10-20	South Africa	0.010801935387844573	41319.0	1774.6	0.96	1063.0	55588424.5221186
2020-10-21	South Africa	0.01089695283159131	43147.41	1758.96	1.02	2080.0	55588424.5221186
2020-10-22	South Africa	0.011012096407884843	44865.75	1749.24	1.09	2183.0	55588424.5221186
2020-10-23	South Africa	0.011147725004392376	46107.72	1705.1	1.14	1920.0	55588424.5221186
2020-10-24	South Africa	0.011307563497322945	46938.26	1666.96	1.19	1857.0	55588424.5221186
2020-10-25	South Africa	0.011493757117469201	47439.22	1656.17	1.21	1642.0	55588424.5221186
2020-10-26	South Africa	0.011700022182517728	47660.8	1635.03	1.21	902.0	55588424.5221186
2020-10-27	South Africa	0.011917081221404481	47831.27	1628.89	1.18	1106.0	55588424.5221186
2020-10-28	South Africa	0.012137315381757934	48045.26	1625.39	1.14	1886.0	55588424.5221186
2020-10-29	South Africa	0.01235328210690272	48281.6	1602.6	1.1	2081.0	55588424.5221186
2020-10-30	South Africa	0.01256408138932054	48721.12	1575.89	1.08	1936.0	55588424.5221186
2020-10-31	South Africa	0.012775946541125915	49525.43	1578.03	1.07	1792.0	55588424.5221186
2020-11-01	South Africa	0.01299570344384474	50610.22	1577.82	1.07	1388.0	55588424.5221186
2020-11-02	South Africa	0.013234308155419582	51958.71	1553.17	1.09	782.0	55588424.5221186
2020-11-03	South Africa	0.01350634914470833	53561.47	1528.53	1.12	1256.0	55588424.5221186
2020-11-04	South Africa	0.013819661676044235	55152.66	1514.74	1.15	1733.0	55588424.5221186
2020-11-05	South Africa	0.014175228507986653	56583.75	1511.96	1.17	1889.0	55588424.5221186
2020-11-06	South Africa	0.014573811309900457	57884.97	1546.39	1.19	1783.0	55588424.5221186
2020-11-07	South Africa	0.015011080583296182	59154.2	1616.03	1.2	1752.0	55588424.5221186
2020-11-08	South Africa	0.01547629524304446	60702.88	1682.32	1.21	1389.0	55588424.5221186
2020-11-09	South Africa	0.01595926863599099	62783.13	1747.46	1.22	1263.0	55588424.5221186
2020-11-10	South Africa	0.016447538995033102	65247.82	1814.24	1.24	1750.0	55588424.5221186
2020-11-11	South Africa	0.016933339595286753	67810.66	1883.53	1.25	2167.0	55588424.5221186
2020-11-12	South Africa	0.017422081095582194	70438.19	1954.17	1.26	2367.0	55588424.5221186
2020-11-13	South Africa	0.017922262927303954	73028.23	1988.03	1.28	2240.0	55588424.5221186
2020-11-14	South Africa	0.018447527139251203	75385.98	2006.6	1.29	2265.0	55588424.5221186
2020-11-15	South Africa	0.01901597030474201	77457.95	2079.39	1.29	1865.0	55588424.5221186
2020-11-16	South Africa	0.01963444349040174	79100.89	2146.17	1.28	1261.0	55588424.5221186
2020-11-17	South Africa	0.02030459775939307	80566.36	2223.46	1.26	2012.0	55588424.5221186
2020-11-18	South Africa	0.021037546036849434	82321.03	2317.6	1.24	2924.0	55588424.5221186
2020-11-19	South Africa	0.021849934234360425	84388.07	2378.17	1.23	2545.0	55588424.5221186
2020-11-20	South Africa	0.022753459391473222	87083.58	2469.53	1.22	3144.0	55588424.5221186
2020-11-21	South Africa	0.023750817932871347	90753.06	2566.46	1.23	2679.0	55588424.5221186
2020-11-22	South Africa	0.024836756426702574	95082.83	2629.24	1.25	2299.0	55588424.5221186
2020-11-23	South Africa	0.026007263246411234	100035.95	2695.67	1.28	2106.0	55588424.5221186
2020-11-24	South Africa	0.027261270903567683	105991.26	2755.03	1.33	2524.0	55588424.5221186
2020-11-25	South Africa	0.028591821654661023	112970.04	2814.1	1.39	3291.0	55588424.5221186
2020-11-26	South Africa	0.029992256559395986	120663.73	2875.1	1.45	3108.0	55588424.5221186
2020-11-27	South Africa	0.03145281675152185	128469.82	2912.24	1.5	3412.0	55588424.5221186
2020-11-28	South Africa	0.032955412133889	135751.59	2914.03	1.53	3238.0	55588424.5221186
2020-11-29	South Africa	0.034493047185337335	142524.58	2966.46	1.54	2594.0	55588424.5221186
2020-11-30	South Africa	0.036072193936745475	148809.2	3129.39	1.54	2331.0	55588424.5221186
2020-12-01	South Africa	0.037704455523218335	154529.58	3338.6	1.51	2324.0	55588424.5221186
2020-12-02	South Africa	0.039393465974713354	160169.0	3556.24	1.47	4225.0	55588424.5221186
2020-12-03	South Africa	0.04110977707401492	165578.31	3773.24	1.43	4455.0	55588424.5221186
2020-12-04	South Africa	0.04280985062012517	170610.49	3958.67	1.39	4994.0	55588424.5221186
2020-12-05	South Africa	0.0444610909779712	176227.77	4155.82	1.35	4703.0	55588424.5221186
2020-12-06	South Africa	0.04603205023344088	182865.11	4463.32	1.33	4167.0	55588424.5221186
2020-12-07	South Africa	0.047514329695547496	190770.8	4919.03	1.32	3354.0	55588424.5221186
2020-12-08	South Africa	0.048945278506992033	199880.69	5436.17	1.32	4061.0	55588424.5221186
2020-12-09	South Africa	0.05036961047323612	208377.07	5915.17	1.33	6793.0	55588424.5221186
2020-12-10	South Africa	0.05180999560176482	215168.14	6430.1	1.33	8267.0	55588424.5221186
2020-12-11	South Africa	0.053285746906199756	220259.67	6844.67	1.32	8422.0	55588424.5221186
2020-12-12	South Africa	0.05479725205717896	223078.74	7234.53	1.29	7981.0	55588424.5221186
2020-12-13	South Africa	0.05630194967577611	224922.16	7729.17	1.26	8098.0	55588424.5221186
2020-12-14	South Africa	0.05774150513517143	228353.39	8037.24	1.23	5227.0	55588424.5221186
2020-12-15	South Africa	0.05905109936501029	233705.95	8136.17	1.2	7646.0	55588424.5221186
2020-12-16	South Africa	0.06017965752328366	240237.74	8386.6	1.19	10133.0	55588424.5221186
2020-12-17	South Africa	0.06114447709608265	247613.0	8712.24	1.18	9240.0	55588424.5221186
2020-12-18	South Africa	0.062006524912907056	254632.68	9079.1	1.18	8834.0	55588424.5221186
2020-12-19	South Africa	0.06283653260599505	259871.54	9482.24	1.18	11075.0	55588424.5221186
2020-12-20	South Africa	0.06373111723269577	262887.73	9915.17	1.18	9563.0	55588424.5221186
2020-12-21	South Africa	0.06473437574342777	263569.08	10581.67	1.17	8898.0	55588424.5221186
2020-12-22	South Africa	0.0657872965718767	262615.46	11395.17	1.14	9619.0	55588424.5221186
2020-12-23	South Africa	0.06681758858846754	262009.87	11878.53	1.11	14221.0	55588424.5221186
2020-12-24	South Africa	0.06775234884560208	263088.02	11926.96	1.09	14483.0	55588424.5221186
2020-12-25	South Africa	0.0684958311506916	266398.49	11834.82	1.07	14980.0	55588424.5221186
2020-12-26	South Africa	0.06898970735308471	272807.29	11744.32	1.07	11696.0	55588424.5221186
2020-12-27	South Africa	0.06920778476945719	280691.72	12015.03	1.08	9620.0	55588424.5221186
2020-12-28	South Africa	0.06914180376654999	286883.6	12547.24	1.1	7551.0	55588424.5221186
2020-12-29	South Africa	0.06882205446347472	290978.26	12954.03	1.11	9699.0	55588424.5221186
2020-12-30	South Africa	0.06827051211875867	292199.59	13343.1	1.12	17931.0	55588424.5221186
2020-12-31	South Africa	0.06748968103075531	288942.01	13763.1	1.1	18224.0	55588424.5221186
2021-01-01	South Africa	0.06648709460239154	282086.48	14305.53	1.06	16934.0	55588424.5221186
2021-01-02	South Africa	0.0652432374397823	271994.12	15026.74	1.01	15189.0	55588424.5221186
2021-01-03	South Africa	0.06371203646166981	259219.95	15674.1	0.94	12007.0	55588424.5221186
2021-01-04	South Africa	0.06188361569109088	245794.72	16189.1	0.87	12758.0	55588424.5221186
2021-01-05	South Africa	0.059792085287063375	231956.09	16786.03	0.81	14589.0	55588424.5221186
2021-01-06	South Africa	0.05746708631270723	218604.7	17643.67	0.75	22104.0	55588424.5221186
2021-01-07	South Africa	0.05495526067274073	207355.82	18523.53	0.72	21261.0	55588424.5221186
2021-01-08	South Africa	0.052335933695016	197254.43	19102.6	0.69	22254.0	55588424.5221186
2021-01-09	South Africa	0.049678677237941456	187690.24	19185.1	0.68	21876.0	55588424.5221186
2021-01-10	South Africa	0.04705245943711294	179052.69	18853.74	0.68	17638.0	55588424.5221186
2021-01-11	South Africa	0.04451271593450972	170618.72	18436.24	0.68	15234.0	55588424.5221186
2021-01-12	South Africa	0.042076803940887364	161735.23	17742.24	0.68	13268.0	55588424.5221186
2021-01-13	South Africa	0.03976032310684677	152571.16	16676.67	0.68	18786.0	55588424.5221186
2021-01-14	South Africa	0.03756295825885765	143337.75	15751.89	0.67	18734.0	55588424.5221186
2021-01-15	South Africa	0.03545802236607225	134373.78	14942.6	0.66	15065.0	55588424.5221186
2021-01-16	South Africa	0.03343847961117135	126006.81	14265.6	0.65	14147.0	55588424.5221186
2021-01-17	South Africa	0.03151026144486317	118039.61	13602.53	0.64	12420.0	55588424.5221186
2021-01-18	South Africa	0.029673005201715598	110386.21	12664.82	0.63	9122.0	55588424.5221186
2021-01-19	South Africa	0.02793418168169409	103186.57	11924.17	0.62	9902.0	55588424.5221186
2021-01-20	South Africa	0.026308629045928258	96456.65	11575.53	0.61	12869.0	55588424.5221186
2021-01-21	South Africa	0.024803964167960383	90345.75	11154.46	0.61	11523.0	55588424.5221186
2021-01-22	South Africa	0.023430835127945436	84991.23	10534.03	0.61	11907.0	55588424.5221186
2021-01-23	South Africa	0.022215179340235324	80503.63	9941.24	0.62	12424.0	55588424.5221186
2021-01-24	South Africa	0.0211700126441207	76922.51	9262.96	0.63	8248.0	55588424.5221186
2021-01-25	South Africa	0.020289852963025008	73960.26	8549.03	0.65	4608.0	55588424.5221186
2021-01-26	South Africa	0.019571900613356962	71373.32	7836.6	0.67	6117.0	55588424.5221186
2021-01-27	South Africa	0.01899720794533057	68929.21	6925.82	0.69	7158.0	55588424.5221186
2021-01-28	South Africa	0.01852891908440698	67007.67	6159.53	0.72	7239.0	55588424.5221186
2021-01-29	South Africa	0.018132651872494264	66797.39	5752.67	0.76	6217.0	55588424.5221186
2021-01-30	South Africa	0.01776744580352352	67907.64	5362.39	0.82	5363.0	55588424.5221186
2021-01-31	South Africa	0.017398868529097482	69112.92	4899.24	0.88	4581.0	55588424.5221186
2021-02-01	South Africa	0.01701312491099102	70476.37	4435.67	0.93	2579.0	55588424.5221186
2021-02-02	South Africa	0.016598821030318234	71240.31	4016.96	0.98	2682.0	55588424.5221186
2021-02-03	South Africa	0.016157827240500612	70425.21	3691.17	1.0	4109.0	55588424.5221186
2021-02-04	South Africa	0.015718630047741794	68317.88	3387.24	1.0	3798.0	55588424.5221186
2021-02-05	South Africa	0.015299254607613532	64690.0	3151.46	0.96	3796.0	55588424.5221186
2021-02-06	South Africa	0.014881553077131033	60015.0	3001.17	0.89	3223.0	55588424.5221186
2021-02-07	South Africa	0.014446570610765595	55479.63	2870.53	0.81	2466.0	55588424.5221186
2021-02-08	South Africa	0.013994320520641226	50929.76	2714.1	0.73	1393.0	55588424.5221186
2021-02-09	South Africa	0.013516474993836793	46859.17	2552.74	0.67	1764.0	55588424.5221186
2021-02-10	South Africa	0.013011363898471467	44514.93	2424.74	0.63	3198.0	55588424.5221186
2021-02-11	South Africa	0.012496461556013262	43695.25	2316.74	0.63	2519.0	55588424.5221186
2021-02-12	South Africa	0.011984026273940003	43578.02	2246.96	0.66	2816.0	55588424.5221186
2021-02-13	South Africa	0.011494561061822438	43727.65	2188.67	0.71	2411.0	55588424.5221186
2021-02-14	South Africa	0.011049764501881047	43973.05	2089.53	0.78	1766.0	55588424.5221186
2021-02-15	South Africa	0.010650103417923537	43913.69	2017.24	0.83	1116.0	55588424.5221186
2021-02-16	South Africa	0.010298566021999961	43161.98	1942.67	0.88	1225.0	55588424.5221186
2021-02-17	South Africa	0.009997184211955428	41802.6	1829.74	0.91	2349.0	55588424.5221186
2021-02-18	South Africa	0.009725781305150668	39832.41	1756.96	0.89	2356.0	55588424.5221186
2021-02-19	South Africa	0.009460435234870678	37481.4	1711.74	0.85	1935.0	55588424.5221186
2021-02-20	South Africa	0.009191793334540187	35289.46	1673.96	0.8	1711.0	55588424.5221186
2021-02-21	South Africa	0.008918728570958694	33263.1	1625.46	0.76	1447.0	55588424.5221186
2021-02-22	South Africa	0.008637850490059181	31388.35	1545.24	0.72	802.0	55588424.5221186
2021-02-23	South Africa	0.008353238358378695	30105.83	1479.6	0.69	1010.0	55588424.5221186
2021-02-24	South Africa	0.008076826135292824	29428.07	1443.46	0.69	1885.0	55588424.5221186
2021-02-25	South Africa	0.007815679140665843	28945.08	1407.03	0.71	1697.0	55588424.5221186
2021-02-26	South Africa	0.007578866708704184	28644.64	1371.82	0.75	1675.0	55588424.5221186
2021-02-27	South Africa	0.00737164748817354	28548.41	1345.17	0.79	1465.0	55588424.5221186
2021-02-28	South Africa	0.007186459113282578	28359.48	1304.89	0.83	1183.0	55588424.5221186
2021-03-01	South Africa	0.007018968307776922	28092.55	1255.17	0.87	573.0	55588424.5221186
2021-03-02	South Africa	0.006869150246344255	27796.66	1210.74	0.9	866.0	55588424.5221186
2021-03-03	South Africa	0.006729232267612816	27285.85	1170.1	0.91	1465.0	55588424.5221186
2021-03-04	South Africa	0.006591702555883749	26668.38	1132.03	0.91	1421.0	55588424.5221186
2021-03-05	South Africa	0.006457055278787025	25962.41	1115.1	0.9	1329.0	55588424.5221186
2021-03-06	South Africa	0.006326154824914571	24995.13	1130.1	0.88	1242.0	55588424.5221186
2021-03-07	South Africa	0.006199459203289287	23952.55	1142.03	0.85	873.0	55588424.5221186
2021-03-08	South Africa	0.006081348642386674	23060.2	1149.24	0.82	646.0	55588424.5221186
2021-03-09	South Africa	0.005973739368487935	22328.01	1147.96	0.8	1003.0	55588424.5221186
2021-03-10	South Africa	0.0058747892714616865	21783.01	1164.32	0.79	1495.0	55588424.5221186
2021-03-11	South Africa	0.005782240147354868	21460.25	1197.39	0.8	1492.0	55588424.5221186
2021-03-12	South Africa	0.005691939512948461	21368.09	1205.96	0.82	1240.0	55588424.5221186
2021-03-13	South Africa	0.005602159490526451	21505.6	1200.03	0.85	1560.0	55588424.5221186
2021-03-14	South Africa	0.005515422008011877	21793.9	1199.82	0.89	1018.0	55588424.5221186
2021-03-15	South Africa	0.005433838116419562	22110.72	1203.03	0.94	621.0	55588424.5221186
2021-03-16	South Africa	0.005358221654248964	22296.18	1219.46	0.98	945.0	55588424.5221186
2021-03-17	South Africa	0.005290024542483517	22141.19	1224.82	1.0	1550.0	55588424.5221186
2021-03-18	South Africa	0.00523341851295397	21648.71	1216.32	0.99	1482.0	55588424.5221186
2021-03-19	South Africa	0.005191619522966848	20971.68	1218.6	0.97	1480.0	55588424.5221186
2021-03-20	South Africa	0.005164007839182048	20173.53	1186.96	0.94	1395.0	55588424.5221186
2021-03-21	South Africa	0.005149009212990217	19417.43	1121.39	0.9	1064.0	55588424.5221186
2021-03-22	South Africa	0.005142718874614808	18856.8	1092.96	0.86	607.0	55588424.5221186
2021-03-23	South Africa	0.005139974778135886	18537.04	1103.39	0.84	516.0	55588424.5221186
2021-03-24	South Africa	0.005139181447503131	18636.37	1107.96	0.85	1061.0	55588424.5221186
2021-03-25	South Africa	0.005141727301270649	19136.71	1102.39	0.88	1573.0	55588424.5221186
2021-03-26	South Africa	0.005150200648087891	19833.2	1092.46	0.94	1535.0	55588424.5221186
2021-03-27	South Africa	0.005200799131930166	20671.85	1106.6	1.01	1404.0	55588424.5221186
2021-03-28	South Africa	0.005239340249409537	21444.23	1151.53	1.09	977.0	55588424.5221186
2021-03-29	South Africa	0.005290966285309475	21958.18	1159.82	1.15	555.0	55588424.5221186
2021-03-30	South Africa	0.005358091051518947	22252.08	1123.46	1.19	766.0	55588424.5221186
2021-03-31	South Africa	0.005439723694268056	22282.71	1061.82	1.2	1440.0	55588424.5221186
2021-04-01	South Africa	0.005527267999432951	22119.73	981.46	1.17	1310.0	55588424.5221186
2021-04-02	South Africa	0.005613228701522982	23784.37	938.24	1.23	1289.0	55588424.5221186
2021-04-03	South Africa	0.005692352368685915	22315.97	908.24	1.12	787.0	55588424.5221186
2021-04-04	South Africa	0.005756733937884301	22287.24	837.03	1.07	469.0	55588424.5221186
2021-04-05	South Africa	0.005803052214074616	22588.16	794.1	1.05	458.0	55588424.5221186
2021-04-06	South Africa	0.005833504417290528	23074.87	798.89	1.05	443.0	55588424.5221186
2021-04-07	South Africa	0.005852054502292303	23502.82	835.17	1.06	766.0	55588424.5221186
2021-04-08	South Africa	0.005865113516039152	23915.13	905.74	1.08	1383.0	55588424.5221186
2021-04-09	South Africa	0.005878603015093071	24231.56	954.24	1.07	1283.0	55588424.5221186
2021-04-10	South Africa	0.005864523824924827	24250.72	998.46	1.06	1301.0	55588424.5221186
2021-04-11	South Africa	0.005885160495416244	24018.99	1088.96	1.07	943.0	55588424.5221186
2021-04-12	South Africa	0.005919169734142695	23650.97	1150.32	1.05	663.0	55588424.5221186
2021-04-13	South Africa	0.005962769638634243	23283.25	1162.1	1.02	857.0	55588424.5221186
2021-04-14	South Africa	0.0060142123629888826	23008.64	1176.39	0.99	1619.0	55588424.5221186
2021-04-15	South Africa	0.006076380521732524	22869.59	1190.74	0.97	1389.0	55588424.5221186
2021-04-16	South Africa	0.006148111102951163	23001.73	1208.6	0.96	1442.0	55588424.5221186
2021-04-17	South Africa	0.006228405697345073	23463.13	1215.46	0.97	1342.0	55588424.5221186
2021-04-18	South Africa	0.006320921001461197	24177.76	1213.67	1.01	1103.0	55588424.5221186
2021-04-19	South Africa	0.006428097991117187	25011.81	1214.46	1.05	753.0	55588424.5221186
2021-04-20	South Africa	0.006551166778527736	25934.49	1232.89	1.11	863.0	55588424.5221186
2021-04-21	South Africa	0.0066898350366456265	26958.65	1252.6	1.17	1588.0	55588424.5221186
2021-04-22	South Africa	0.006843715094832856	27902.52	1257.74	1.22	1431.0	55588424.5221186
2021-04-23	South Africa	0.007013083629396268	28695.01	1266.17	1.25	1658.0	55588424.5221186
2021-04-24	South Africa	0.007194681148786	29393.5	1275.74	1.26	1402.0	55588424.5221186
2021-04-25	South Africa	0.00738377285430497	29976.79	1254.74	1.26	1115.0	55588424.5221186
2021-04-26	South Africa	0.007576010358639132	30492.17	1208.1	1.24	859.0	55588424.5221186
2021-04-27	South Africa	0.007767634605801625	30991.6	1187.1	1.22	891.0	55588424.5221186
2021-04-28	South Africa	0.00795330617481494	31562.59	1207.6	1.2	1266.0	55588424.5221186
2021-04-29	South Africa	0.00812512683859719	32284.52	1234.17	1.18	1100.0	55588424.5221186
2021-04-30	South Africa	0.008282261531207959	33096.45	1246.39	1.18	1695.0	55588424.5221186
2021-05-01	South Africa	0.00842899010051207	33974.44	1272.1	1.18	1652.0	55588424.5221186
2021-05-02	South Africa	0.008568327202913993	34863.94	1353.82	1.18	1237.0	55588424.5221186
2021-05-03	South Africa	0.008709384987289227	35663.9	1490.17	1.18	908.0	55588424.5221186
2021-05-04	South Africa	0.008863313976526819	36255.68	1609.1	1.18	1202.0	55588424.5221186
2021-05-05	South Africa	0.009035733505995338	36509.89	1676.67	1.17	2099.0	55588424.5221186
2021-05-06	South Africa	0.00922981366014159	36637.39	1757.32	1.15	2176.0	55588424.5221186
2021-05-07	South Africa	0.009443740212337152	36851.42	1829.24	1.13	2284.0	55588424.5221186
2021-05-08	South Africa	0.009672472364926592	37139.03	1872.1	1.11	2009.0	55588424.5221186
2021-05-09	South Africa	0.009914200208727119	37817.97	1947.82	1.1	2009.0	55588424.5221186
2021-05-10	South Africa	0.010166606174908391	39048.84	2074.96	1.11	1143.0	55588424.5221186
2021-05-11	South Africa	0.010426992399638336	40576.13	2216.46	1.13	1567.0	55588424.5221186
2021-05-12	South Africa	0.010700210072752223	42351.2	2335.89	1.17	2794.0	55588424.5221186
2021-05-13	South Africa	0.010995302084102047	44176.36	2434.82	1.21	3261.0	55588424.5221186
2021-05-14	South Africa	0.011313540101316603	45811.31	2523.74	1.25	3180.0	55588424.5221186
2021-05-15	South Africa	0.011652638396727	47411.71	2627.53	1.28	2785.0	55588424.5221186
2021-05-16	South Africa	0.012011362540672933	48894.79	2741.03	1.3	2618.0	55588424.5221186
2021-05-17	South Africa	0.012380318131271462	50138.36	2826.53	1.3	1779.0	55588424.5221186
2021-05-18	South Africa	0.01275469697324996	51443.42	2870.67	1.29	2384.0	55588424.5221186
2021-05-19	South Africa	0.013141503042766185	52913.59	2991.89	1.27	3566.0	55588424.5221186
2021-05-20	South Africa	0.013543724012189475	54327.74	3121.6	1.25	3686.0	55588424.5221186
2021-05-21	South Africa	0.013969420732386757	55701.36	3189.1	1.24	3373.0	55588424.5221186
2021-05-22	South Africa	0.01442953990683508	57079.94	3342.71	1.22	4289.0	55588424.5221186
2021-05-23	South Africa	0.014924908506264321	58327.63	3475.07	1.21	2930.0	55588424.5221186
2021-05-24	South Africa	0.015463047700838851	59859.97	3555.53	1.21	2412.0	55588424.5221186
2021-05-25	South Africa	0.01605324863353385	62078.07	3701.89	1.22	3901.5	55588424.5221186
2021-05-26	South Africa	0.016695870192016515	64710.03	3812.17	1.24	3901.5	55588424.5221186
2021-05-27	South Africa	0.017400408597929004	67840.17	3860.07	1.26	4477.0	55588424.5221186
2021-05-28	South Africa	0.018180771602869707	71388.61	3951.99	1.3	4631.0	55588424.5221186
2021-05-29	South Africa	0.01904127269480058	74948.47	3999.14	1.33	4575.0	55588424.5221186
2021-05-30	South Africa	0.019986203594561904	78809.1	4121.28	1.37	3314.5	55588424.5221186
2021-05-31	South Africa	0.021023846242215084	82946.7	4328.53	1.4	3314.5	55588424.5221186
2021-06-01	South Africa	0.02215344094722449	87165.74	4475.39	1.43	3659.0	55588424.5221186
2021-06-02	South Africa	0.023366232649446143	92077.77	4621.82	1.45	5854.0	55588424.5221186
2021-06-03	South Africa	0.024654494740261566	97706.89	4819.35	1.48	5426.0	55588424.5221186
2021-06-04	South Africa	0.026003278783784275	103535.26	4950.35	1.49	5738.0	55588424.5221186
2021-06-05	South Africa	0.02739261677391331	109607.16	4994.17	1.5	5518.0	55588424.5221186
2021-06-06	South Africa	0.02880425023311985	116008.55	5261.32	1.51	5137.0	55588424.5221186
2021-06-07	South Africa	0.030214062809635973	122652.36	5759.39	1.51	3326.0	55588424.5221186
2021-06-08	South Africa	0.031606534185924046	129495.25	6203.39	1.52	4261.0	55588424.5221186
2021-06-09	South Africa	0.032986056643328585	136322.49	6653.24	1.52	8992.0	55588424.5221186
2021-06-10	South Africa	0.03435229881789823	142816.95	7119.82	1.51	9261.0	55588424.5221186
2021-06-11	South Africa	0.0357014624368484	148619.72	7470.32	1.48	8119.0	55588424.5221186
2021-06-12	South Africa	0.037034721125813595	153418.95	7939.74	1.45	9435.0	55588424.5221186
2021-06-13	South Africa	0.03834402338839238	157178.36	8561.1	1.4	7752.0	55588424.5221186
2021-06-14	South Africa	0.03961468829043317	160351.99	9066.17	1.35	5618.0	55588424.5221186
2021-06-15	South Africa	0.0408330926719614	163851.22	9435.74	1.31	8541.0	55588424.5221186
2021-06-16	South Africa	0.04198901300164141	168025.02	9923.67	1.27	13411.0	55588424.5221186
2021-06-17	South Africa	0.04308262215719161	172704.77	10629.1	1.25	11913.0	55588424.5221186
2021-06-18	South Africa	0.044117390825210115	177649.01	11287.89	1.23	10641.0	55588424.5221186
2021-06-19	South Africa	0.04509441833528804	182389.21	11741.17	1.21	13744.0	55588424.5221186
2021-06-20	South Africa	0.04602248223426529	186642.81	12240.46	1.2	13319.0	55588424.5221186
2021-06-21	South Africa	0.04691039083078183	190381.54	12859.39	1.2	9274.0	55588424.5221186
2021-06-22	South Africa	0.04775153627431558	193751.04	13767.89	1.2	11231.0	55588424.5221186
2021-06-23	South Africa	0.04852288715120433	197114.5	14681.46	1.19	17711.0	55588424.5221186
2021-06-24	South Africa	0.04919286854247727	200338.11	15134.32	1.18	16278.0	55588424.5221186
2021-06-25	South Africa	0.04973197160678657	202931.14	15491.74	1.16	18995.0	55588424.5221186
2021-06-26	South Africa	0.050122588001956396	205008.56	15876.24	1.14	18180.0	55588424.5221186
2021-06-27	South Africa	0.05036687501164844	206535.8	16184.89	1.12	15223.0	55588424.5221186
2021-06-28	South Africa	0.05047874200650319	207109.94	16728.6	1.1	12374.0	55588424.5221186
2021-06-29	South Africa	0.05048630976910154	206729.4	17525.17	1.08	13514.0	55588424.5221186
2021-06-30	South Africa	0.05042004849201616	205268.23	18540.39	1.05	19749.0	55588424.5221186
2021-07-01	South Africa	0.050296403505508853	202672.66	19269.17	1.02	21852.0	55588424.5221186
2021-07-02	South Africa	0.05012379904545292	199362.76	19402.24	0.99	24573.0	55588424.5221186
2021-07-03	South Africa	0.0499058531312783	195968.74	19578.96	0.96	26815.0	55588424.5221186
2021-07-04	South Africa	0.04964408712288549	192861.32	19873.53	0.94	16791.0	55588424.5221186
2021-07-05	South Africa	0.04934245652003708	190802.22	20108.46	0.92	12669.0	55588424.5221186
2021-07-06	South Africa	0.049003304256556426	190067.68	20072.17	0.92	15693.0	55588424.5221186
2021-07-07	South Africa	0.04863402593689776	190241.27	19587.39	0.92	21694.0	55588424.5221186
2021-07-08	South Africa	0.04825845925769293	190743.3	19214.53	0.94	23196.0	55588424.5221186
2021-07-09	South Africa	0.04790859595130869	190815.87	19097.96	0.95	22721.0	55588424.5221186
2021-07-10	South Africa	0.047612814228021	190457.4	18787.32	0.96	21880.0	55588424.5221186
2021-07-11	South Africa	0.04739145195510565	189768.63	18288.1	0.98	16506.0	55588424.5221186
2021-07-12	South Africa	0.04724584844017281	188257.0	17534.96	0.98	11322.0	55588424.5221186
2021-07-13	South Africa	0.04715584732855631	186201.8	16596.32	0.98	12691.0	55588424.5221186
2021-07-14	South Africa	0.047098670856524166	184391.07	15626.32	0.97	17707.0	55588424.5221186
2021-07-15	South Africa	0.0470521395863499	183224.31	14758.67	0.96	16639.0	55588424.5221186
2021-07-16	South Africa	0.0469965445586698	182920.72	14103.39	0.96	16137.0	55588424.5221186
2021-07-17	South Africa	0.04693323605460167	183663.56	13555.17	0.96	14884.0	55588424.5221186
2021-07-18	South Africa	0.04686221659265543	184767.45	13203.96	0.97	11355.0	55588424.5221186
2021-07-19	South Africa	0.04677456039369153	185799.2	12999.6	0.98	7299.0	55588424.5221186
2021-07-20	South Africa	0.046673402822698266	186889.33	12725.1	1.0	9039.0	55588424.5221186
2021-07-21	South Africa	0.04657308769328169	187654.67	12373.32	1.01	16442.0	55588424.5221186
2021-07-22	South Africa	0.046494769769407675	187652.86	12073.74	1.02	15043.0	55588424.5221186
2021-07-23	South Africa	0.046451240023407454	187296.65	11853.89	1.02	13890.0	55588424.5221186
2021-07-24	South Africa	0.04644992895908738	186509.54	11655.96	1.01	12206.0	55588424.5221186
2021-07-25	South Africa	0.04649078350784503	184895.96	11646.46	1.0	9839.0	55588424.5221186
2021-07-26	South Africa	0.04657294485778908	182633.81	11634.17	0.99	5737.0	55588424.5221186
2021-07-27	South Africa	0.04670610135689179	180625.44	11484.74	0.97	7830.0	55588424.5221186
2021-07-28	South Africa	0.046877486138559944	180037.5	11450.67	0.96	17518.0	55588424.5221186
2021-07-29	South Africa	0.04706497769079584	180804.56	11405.46	0.96	13795.0	55588424.5221186
2021-07-30	South Africa	0.04727825302827698	182847.84	11327.39	0.98	13046.0	55588424.5221186
2021-07-31	South Africa	0.04750584177735129	185934.6	11411.46	1.0	12573.0	55588424.5221186
2021-08-01	South Africa	0.04772731198640716	189334.67	11210.03	1.02	8839.0	55588424.5221186
2021-08-02	South Africa	0.04795233743203788	193201.16	10919.39	1.05	5644.0	55588424.5221186
2021-08-03	South Africa	0.048188644183181244	196416.34	10967.03	1.08	9100.0	55588424.5221186
2021-08-04	South Africa	0.04842457639591704	198077.03	11005.32	1.1	13428.0	55588424.5221186
2021-08-05	South Africa	0.0486267623743221	199508.5	11087.67	1.1	13816.0	55588424.5221186
2021-08-06	South Africa	0.048754317347519414	199947.95	11263.32	1.1	13692.0	55588424.5221186
2021-08-07	South Africa	0.04877966417128916	198820.72	11171.74	1.08	12463.0	55588424.5221186
2021-08-08	South Africa	0.04868635301803034	197404.77	10576.39	1.05	10102.0	55588424.5221186
2021-08-09	South Africa	0.04845967309125914	195769.73	10203.24	1.03	6840.0	55588424.5221186
2021-08-10	South Africa	0.04808091599963438	193740.54	10276.82	1.0	6622.0	55588424.5221186
2021-08-11	South Africa	0.047558472159038676	191276.7	10356.6	0.97	7571.0	55588424.5221186
2021-08-12	South Africa	0.04691863715191685	187895.14	10419.67	0.95	14449.0	55588424.5221186
2021-08-13	South Africa	0.04616726777314664	184256.83	10520.03	0.92	14089.0	55588424.5221186
2021-08-14	South Africa	0.04532785776285874	180747.58	10908.53	0.91	13183.0	55588424.5221186
2021-08-15	South Africa	0.04443297685145233	176733.89	11732.53	0.89	10265.0	55588424.5221186
2021-08-16	South Africa	0.04348680216756518	172146.65	12213.39	0.88	8082.0	55588424.5221186
2021-08-17	South Africa	0.04248443430988594	167374.51	12198.74	0.86	10819.0	55588424.5221186
2021-08-18	South Africa	0.041423691169440606	162509.61	12244.82	0.84	14910.0	55588424.5221186
2021-08-19	South Africa	0.04030752893722422	157741.06	12306.24	0.83	13842.0	55588424.5221186
2021-08-20	South Africa	0.039159022561142336	153286.47	12324.96	0.82	14491.0	55588424.5221186
2021-08-21	South Africa	0.037998686204166875	149075.7	12275.03	0.82	13426.0	55588424.5221186
2021-08-22	South Africa	0.03683582324203564	144808.41	12143.74	0.81	10882.0	55588424.5221186
2021-08-23	South Africa	0.03569023491951246	140049.68	11971.89	0.8	7727.0	55588424.5221186
2021-08-24	South Africa	0.03457598405645096	134775.5	11742.74	0.79	10475.0	55588424.5221186
2021-08-25	South Africa	0.033490408228051854	129231.0	11355.39	0.78	13416.0	55588424.5221186
2021-08-26	South Africa	0.03242919592518244	124051.48	10914.53	0.77	12930.0	55588424.5221186
2021-08-27	South Africa	0.031377445124496646	119755.56	10553.24	0.77	12195.0	55588424.5221186
2021-08-28	South Africa	0.030314977344419524	116105.86	10173.53	0.77	10299.0	55588424.5221186
2021-08-29	South Africa	0.029236526200761975	113052.44	9669.53	0.77	7837.0	55588424.5221186
2021-08-30	South Africa	0.028146842682642163	110207.2	9143.39	0.78	5714.0	55588424.5221186
2021-08-31	South Africa	0.027057584253022394	107029.06	8679.53	0.78	7172.0	55588424.5221186
2021-09-01	South Africa	0.02598466771486311	103518.49	8346.32	0.78	9663.0	55588424.5221186
2021-09-02	South Africa	0.024939158321502362	99275.89	8088.03	0.78	9317.0	55588424.5221186
2021-09-03	South Africa	0.02391938126382655	94225.56	7846.82	0.77	9314.0	55588424.5221186
2021-09-04	South Africa	0.022919158097259265	89126.3	7641.53	0.75	8515.0	55588424.5221186
2021-09-05	South Africa	0.02193730116446775	84234.62	7358.24	0.73	6005.0	55588424.5221186
2021-09-06	South Africa	0.02096384849936355	79499.52	6957.74	0.71	4169.0	55588424.5221186
2021-09-07	South Africa	0.019991699343049587	75133.76	6505.82	0.69	5843.0	55588424.5221186
2021-09-08	South Africa	0.01902708988593745	71112.78	6041.74	0.68	7026.0	55588424.5221186
2021-09-09	South Africa	0.018076239408443367	67363.68	5674.96	0.67	6347.0	55588424.5221186
2021-09-10	South Africa	0.017156023726136234	64154.73	5425.6	0.67	5957.0	55588424.5221186
2021-09-11	South Africa	0.01628822633100039	61525.98	5168.89	0.68	5375.0	55588424.5221186
2021-09-12	South Africa	0.015479203042669821	58939.74	4854.67	0.68	4010.0	55588424.5221186
2021-09-13	South Africa	0.014727191263969982	56166.96	4541.67	0.69	2673.0	55588424.5221186
2021-09-14	South Africa	0.014029286613253299	53407.94	4231.32	0.69	3745.0	55588424.5221186
2021-09-15	South Africa	0.013379989204480032	50662.21	3923.32	0.69	4725.0	55588424.5221186
2021-09-16	South Africa	0.012776726919421806	48122.55	3655.6	0.69	4266.0	55588424.5221186
2021-09-17	South Africa	0.012219774995236925	45986.07	3452.03	0.7	3693.0	55588424.5221186
2021-09-18	South Africa	0.01170436319419551	44153.97	3261.24	0.7	3327.0	55588424.5221186
2021-09-19	South Africa	0.01122054987818223	42431.47	3029.67	0.7	2310.0	55588424.5221186
2021-09-20	South Africa	0.0107612526374439	40704.1	2803.32	0.71	1523.0	55588424.5221186
2021-09-21	South Africa	0.010322071095425456	39040.34	2599.67	0.72	2224.0	55588424.5221186
2021-09-22	South Africa	0.009899161466269733	37578.38	2379.96	0.73	3004.0	55588424.5221186
2021-09-23	South Africa	0.009492962330494344	36403.6	2165.39	0.74	2818.0	55588424.5221186
2021-09-24	South Africa	0.009102744579470138	35503.8	2003.32	0.76	2290.0	55588424.5221186
2021-09-25	South Africa	0.00872748138071372	34631.56	1876.32	0.77	1654.0	55588424.5221186
2021-09-26	South Africa	0.008369548948358436	33408.13	1738.57	0.77	979.0	55588424.5221186
2021-09-27	South Africa	0.00803211322929904	31753.55	1596.35	0.76	585.0	55588424.5221186
2021-09-28	South Africa	0.007716931064115917	29899.06	1486.53	0.75	1384.0	55588424.5221186
2021-09-29	South Africa	0.0074228023828201515	28082.24	1417.46	0.73	1915.5	55588424.5221186
2021-09-30	South Africa	0.00714499760362812	26430.96	1382.32	0.71	1915.5	55588424.5221186
2021-10-01	South Africa	0.006879508517961952	25125.78	1360.17	0.7	1655.0	55588424.5221186
2021-10-02	South Africa	0.00662588431254145	24257.07	1306.17	0.69	1322.0	55588424.5221186
2021-10-03	South Africa	0.006387696414362546	23673.95	1209.14	0.7	819.0	55588424.5221186
2021-10-04	South Africa	0.006174551679611419	23183.62	1090.07	0.71	435.0	55588424.5221186
2021-10-05	South Africa	0.00599626815952251	22690.19	973.39	0.74	778.0	55588424.5221186
2021-10-06	South Africa	0.005854953487132858	22135.65	886.6	0.76	1163.0	55588424.5221186
2021-10-07	South Africa	0.005748057311335762	21645.48	839.53	0.79	1001.0	55588424.5221186
2021-10-08	South Africa	0.005669934571982499	21405.23	811.32	0.83	936.0	55588424.5221186
2021-10-09	South Africa	0.005608609754283384	21391.07	782.03	0.87	826.0	55588424.5221186
2021-10-10	South Africa	0.0055496597115690756	21559.75	754.39	0.9	656.0	55588424.5221186
2021-10-11	South Africa	0.005482832669213847	21843.05	736.46	0.93	203.0	55588424.5221186
2021-10-12	South Africa	0.005405289187147992	22043.6	719.6	0.96	600.0	55588424.5221186
2021-10-13	South Africa	0.005411886783736722	22140.05	691.53	0.98	954.0	55588424.5221186
2021-10-14	South Africa	0.005424271916179648	22088.24	660.39	1.0	959.0	55588424.5221186
2021-10-15	South Africa	0.005467950254266636	21716.83	644.1	1.0	742.0	55588424.5221186
2021-10-16	South Africa	0.005554757535485407	20980.13	634.6	0.97	627.0	55588424.5221186
2021-10-17	South Africa	0.005693952342075422	19959.14	599.1	0.92	419.0	55588424.5221186
2021-10-18	South Africa	0.005896346997018797	18873.1	542.82	0.87	212.0	55588424.5221186
2021-10-19	South Africa	0.0061690327248535275	23056.94	496.24	1.05	458.0	55588424.5221186
2021-10-20	South Africa	0.006512087239600787	22824.12	468.32	1.03	599.0	55588424.5221186
2021-10-21	South Africa	0.00691385002010761	24073.49	447.82	1.08	526.0	55588424.5221186
2021-10-22	South Africa	0.007354760878990608	26230.71	435.03	1.2	523.0	55588424.5221186
2021-10-23	South Africa	0.007820607864628707	29128.69	421.67	1.39	455.0	55588424.5221186
2021-10-24	South Africa	0.008308905747386646	32810.55	404.24	1.65	304.0	55588424.5221186
2021-10-25	South Africa	0.008826653646295854	37001.22	396.53	1.86	148.0	55588424.5221186
2021-10-26	South Africa	0.00938373707267859	41113.46	394.46	1.83	335.0	55588424.5221186
2021-10-27	South Africa	0.009895211543207737	44473.41	380.46	1.86	478.0	55588424.5221186
2021-10-28	South Africa	0.01045329193974166	46597.78	364.32	1.82	539.0	55588424.5221186
2021-10-29	South Africa	0.011042734621049571	47612.53	356.32	1.68	481.0	55588424.5221186
2021-10-30	South Africa	0.01165198466350264	48123.84	341.74	1.52	301.0	55588424.5221186
2021-10-31	South Africa	0.012268136502567114	48739.93	320.74	1.36	232.0	55588424.5221186
2021-11-01	South Africa	0.012870457404586515	49840.49	296.03	1.24	108.0	55588424.5221186
2021-11-02	South Africa	0.013448484219993291	51489.0	270.74	1.19	171.0	55588424.5221186
2021-11-03	South Africa	0.014025837333989708	53846.93	265.24	1.19	348.0	55588424.5221186
2021-11-04	South Africa	0.014646530586166176	56839.68	267.82	1.23	323.0	55588424.5221186
2021-11-05	South Africa	0.015355451199383405	60097.96	266.74	1.27	343.0	55588424.5221186
2021-11-06	South Africa	0.016200936755127106	63379.6	272.96	1.31	362.0	55588424.5221186
2021-11-07	South Africa	0.017227631080261124	66292.62	275.67	1.33	207.0	55588424.5221186
2021-11-08	South Africa	0.018472139637478343	69132.82	275.53	1.35	118.0	55588424.5221186
2021-11-09	South Africa	0.019996089465671305	73207.61	282.1	1.37	248.0	55588424.5221186
2021-11-10	South Africa	0.021922743817197044	78976.77	282.32	1.4	309.0	55588424.5221186
2021-11-11	South Africa	0.02440722725394288	86005.56	282.82	1.46	360.0	55588424.5221186
2021-11-12	South Africa	0.027575321897998252	94611.74	288.46	1.54	398.0	55588424.5221186
2021-11-13	South Africa	0.031486035897699764	105196.16	291.96	1.64	310.0	55588424.5221186
2021-11-14	South Africa	0.03613986288099669	117920.2	312.89	1.74	266.0	55588424.5221186
2021-11-15	South Africa	0.041550169119849205	134554.46	355.71	1.84	138.0	55588424.5221186
2021-11-16	South Africa	0.04774471399066103	158588.68	400.92	2.0	277.0	55588424.5221186
2021-11-17	South Africa	0.05470678735983896	191955.45	464.17	2.21	573.0	55588424.5221186
2021-11-18	South Africa	0.06238228551737765	232949.07	536.82	2.43	695.5	55588424.5221186
2021-11-19	South Africa	0.07066556542607133	277488.39	580.17	2.6	695.5	55588424.5221186
2021-11-20	South Africa	0.07940958676106338	322078.51	635.53	2.69	898.0	55588424.5221186
2021-11-21	South Africa	0.08852071689928982	367043.02	728.89	2.68	695.0	55588424.5221186
2021-11-22	South Africa	0.09795635812332373	413477.81	907.14	2.58	316.0	55588424.5221186
2021-11-23	South Africa	0.10763062204828923	460218.3	1202.39	2.4	874.0	55588424.5221186
2021-11-24	South Africa	0.11736243266624884	505645.62	1523.35	2.2	1283.0	55588424.5221186
2021-11-25	South Africa	0.12689813536976913	546460.04	1832.39	2.01	2481.0	55588424.5221186
2021-11-26	South Africa	0.1359662482787692	580678.11	2129.03	1.83	3043.5	55588424.5221186
2021-11-27	South Africa	0.14433543959871542	611669.53	2521.82	1.68	3043.5	55588424.5221186
2021-11-28	South Africa	0.15187871022753405	642432.63	3297.53	1.56	2876.0	55588424.5221186
2021-11-29	South Africa	0.158525938731968	672331.55	4473.32	1.47	2288.0	55588424.5221186
2021-11-30	South Africa	0.16421723584498685	699564.7	6061.99	1.39	4401.0	55588424.5221186
2021-12-01	South Africa	0.16894237551674504	722030.14	7957.71	1.33	8616.0	55588424.5221186
2021-12-02	South Africa	0.17272148405968302	737031.18	9511.03	1.28	11609.0	55588424.5221186
2021-12-03	South Africa	0.17559246684741245	742718.55	10400.6	1.22	16157.0	55588424.5221186
2021-12-04	South Africa	0.17760028431947608	741397.04	11326.6	1.16	16470.0	55588424.5221186
2021-12-05	South Africa	0.1787200906556897	736551.98	12768.17	1.1	11196.0	55588424.5221186
2021-12-06	South Africa	0.17886114951942636	729848.05	14359.17	1.05	6422.0	55588424.5221186
2021-12-07	South Africa	0.17795133834138377	722881.37	15352.24	1.01	13231.0	55588424.5221186
2021-12-08	South Africa	0.1760241696741485	715720.31	15613.96	0.98	19968.0	55588424.5221186
2021-12-09	South Africa	0.17320716089316224	706053.45	16151.24	0.96	22531.0	55588424.5221186
2021-12-10	South Africa	0.16968248697616645	692289.52	17130.17	0.94	19138.0	55588424.5221186
2021-12-11	South Africa	0.1656950856078869	673917.8	18379.6	0.92	17153.0	55588424.5221186
2021-12-12	South Africa	0.1614380664166731	650273.87	19597.24	0.89	18035.0	55588424.5221186
2021-12-13	South Africa	0.15700270559974805	621756.58	20216.89	0.86	13288.0	55588424.5221186
2021-12-14	South Africa	0.15244968647434912	592436.43	20490.39	0.83	23857.0	55588424.5221186
2021-12-15	South Africa	0.1477901998595245	565437.06	20526.24	0.81	26389.0	55588424.5221186
2021-12-16	South Africa	0.14302703068759295	541100.11	20266.03	0.79	24785.0	55588424.5221186
2021-12-17	South Africa	0.13823391427368947	521065.19	19741.24	0.78	20713.0	55588424.5221186
2021-12-18	South Africa	0.13352193363650164	504756.05	18797.6	0.79	16080.0	55588424.5221186
2021-12-19	South Africa	0.12898732301986687	489997.26	17817.24	0.8	15465.0	55588424.5221186
2021-12-20	South Africa	0.12471614314669871	476752.89	17180.1	0.82	8511.0	55588424.5221186
2021-12-21	South Africa	0.12076128146659257	463867.85	16787.6	0.83	15423.0	55588424.5221186
2021-12-22	South Africa	0.11705990907173129	450943.24	16564.89	0.84	21098.0	55588424.5221186
2021-12-23	South Africa	0.11349729074421959	439611.66	15771.03	0.85	21156.0	55588424.5221186
2021-12-24	South Africa	0.1100184323008929	430357.94	14728.53	0.86	18847.0	55588424.5221186
2021-12-25	South Africa	0.10658294511733345	421845.94	13804.24	0.87	14828.0	55588424.5221186
2021-12-26	South Africa	0.10316674360357336	412845.71	12355.32	0.87	5603.0	55588424.5221186
2021-12-27	South Africa	0.09977479102314045	401912.05	10908.46	0.87	3778.0	55588424.5221186
2021-12-28	South Africa	0.09639858488645954	386682.97	9817.67	0.86	7216.0	55588424.5221186
2021-12-29	South Africa	0.09304022113348581	367396.72	8951.39	0.83	9020.0	55588424.5221186
2021-12-30	South Africa	0.0896875211495918	347715.85	8502.74	0.81	12978.0	55588424.5221186
2021-12-31	South Africa	0.08631701116283282	330091.87	8363.6	0.78	11754.0	55588424.5221186
2022-01-01	South Africa	0.082935385912324	314854.79	8375.03	0.77	9793.0	55588424.5221186
2022-01-02	South Africa	0.07955495479531637	301443.96	8585.6	0.76	4357.0	55588424.5221186
2022-01-03	South Africa	0.07622004556567565	289074.91	8511.74	0.76	3076.0	55588424.5221186
2022-01-04	South Africa	0.0730301143610335	277181.7	8110.67	0.76	8078.0	55588424.5221186
2022-01-05	South Africa	0.0701011110406531	264571.93	7787.17	0.76	11106.0	55588424.5221186
2022-01-06	South Africa	0.06753558015493329	252250.32	7650.82	0.76	9858.0	55588424.5221186
2022-01-07	South Africa	0.06536426695371145	242378.72	7612.1	0.77	9259.0	55588424.5221186
2022-01-08	South Africa	0.06353209270384626	233933.1	7392.32	0.78	7759.0	55588424.5221186
2022-01-09	South Africa	0.06196297591829511	227463.36	6909.74	0.79	4482.0	55588424.5221186
2022-01-10	South Africa	0.06061462757699293	224588.8	6317.82	0.81	2409.0	55588424.5221186
2022-01-11	South Africa	0.059465294050287595	223864.29	5748.89	0.85	5668.0	55588424.5221186
2022-01-12	South Africa	0.058498724292970206	224782.9	5235.1	0.88	6760.0	55588424.5221186
2022-01-13	South Africa	0.05777403151122081	227015.97	4878.53	0.92	5917.0	55588424.5221186
2022-01-14	South Africa	0.05737155743154802	228244.19	4692.6	0.95	5235.0	55588424.5221186
2022-01-15	South Africa	0.057298778610511455	227630.06	4493.24	0.97	4590.0	55588424.5221186
2022-01-16	South Africa	0.05753700158793603	226491.4	4162.53	0.97	2659.0	55588424.5221186
2022-01-17	South Africa	0.05800315817040382	225185.27	3848.6	0.96	1629.0	55588424.5221186
2022-01-18	South Africa	0.05854519691784145	223451.61	3599.17	0.96	3657.0	55588424.5221186
2022-01-19	South Africa	0.05902351214675067	224287.4	3366.53	0.96	4141.0	55588424.5221186
2022-01-20	South Africa	0.059298188936590696	229877.42	3204.46	0.97	4141.0	55588424.5221186
2022-01-21	South Africa	0.05923939702032223	238333.06	3131.24	1.0	3519.0	55588424.5221186
2022-01-22	South Africa	0.05879814958057441	247175.54	3077.17	1.03	3049.0	55588424.5221186
2022-01-23	South Africa	0.05799288588791141	253376.27	3070.74	1.05	1931.0	55588424.5221186
2022-01-24	South Africa	0.05688682989642462	254719.88	3094.24	1.06	1332.0	55588424.5221186
2022-01-25	South Africa	0.05555486841997482	250453.08	3110.6	1.04	3197.0	55588424.5221186
2022-01-26	South Africa	0.05405296310933267	240051.75	3150.82	0.98	4511.0	55588424.5221186
2022-01-27	South Africa	0.052373702169622886	223747.82	3192.82	0.91	4100.0	55588424.5221186
2022-01-28	South Africa	0.05043490931973527	203715.94	3216.32	0.83	3789.0	55588424.5221186
2022-01-29	South Africa	0.04818223961239047	182866.72	3210.74	0.75	3342.0	55588424.5221186
2022-01-30	South Africa	0.04564512597385081	165007.49	3202.1	0.69	2226.0	55588424.5221186
2022-01-31	South Africa	0.04288429381644841	151143.63	3141.89	0.65	1366.0	55588424.5221186
2022-02-01	South Africa	0.03997620654126979	139963.06	3030.78	0.64	3085.0	55588424.5221186
2022-02-02	South Africa	0.037037091043672074	130939.93	2959.64	0.64	4502.0	55588424.5221186
2022-02-03	South Africa	0.034197826010406024	122102.98	2906.17	0.65	3266.0	55588424.5221186
2022-02-04	South Africa	0.03158544580268458	113110.7	2862.46	0.66	3067.5	55588424.5221186
2022-02-05	South Africa	0.029288874689229062	106141.39	2691.1	0.67	3067.5	55588424.5221186
2022-02-06	South Africa	0.02732958872391693	99905.96	2610.03	0.69	1752.0	55588424.5221186
2022-02-07	South Africa	0.02564881685813355	93063.89	2683.53	0.71	1228.0	55588424.5221186
2022-02-08	South Africa	0.024162439600452442	87072.28	2661.92	0.72	824.0	55588424.5221186
2022-02-09	South Africa	0.022816216521756923	82221.48	2605.92	0.73	5628.0	55588424.5221186
2022-02-10	South Africa	0.021581709147425878	78529.72	2557.24	0.75	3169.0	55588424.5221186
2022-02-11	South Africa	0.020469512848799	76053.17	2540.32	0.77	2862.0	55588424.5221186
2022-02-12	South Africa	0.019499585737831022	73953.1	2640.74	0.8	2489.0	55588424.5221186
2022-02-13	South Africa	0.01864766466960293	71576.03	2612.96	0.82	1649.0	55588424.5221186
2022-02-14	South Africa	0.01789879832993115	68518.26	2467.1	0.83	1094.0	55588424.5221186
2022-02-15	South Africa	0.017263276091197016	65128.64	2454.6	0.83	2364.0	55588424.5221186
2022-02-16	South Africa	0.016724391597572257	62315.61	2434.32	0.82	3699.0	55588424.5221186
2022-02-17	South Africa	0.016254018669668968	60277.74	2404.67	0.82	3056.0	55588424.5221186
2022-02-18	South Africa	0.015834214723062883	59193.98	2394.96	0.83	2800.0	55588424.5221186
2022-02-19	South Africa	0.01545573322838356	58784.44	2396.89	0.85	2267.0	55588424.5221186
2022-02-20	South Africa	0.015126471873032192	58277.66	2353.17	0.88	1456.0	55588424.5221186
2022-02-21	South Africa	0.014867411643788424	57736.21	2265.53	0.9	1151.0	55588424.5221186
2022-02-22	South Africa	0.014696554130166666	57116.54	2170.24	0.92	2334.0	55588424.5221186
2022-02-23	South Africa	0.014611116738464549	56074.19	2124.82	0.92	3117.0	55588424.5221186
2022-02-24	South Africa	0.014583015744176097	55193.48	2115.03	0.93	2411.0	55588424.5221186
2022-02-25	South Africa	0.014574974141920898	55013.98	2075.32	0.94	2111.0	55588424.5221186
2022-02-26	South Africa	0.014545694664871637	55649.98	2000.24	0.97	2320.0	55588424.5221186
2022-02-27	South Africa	0.014460114977357604	57175.28	1871.17	1.01	1266.0	55588424.5221186
2022-02-28	South Africa	0.014306691489044739	59020.56	1751.17	1.06	785.0	55588424.5221186
2022-03-01	South Africa	0.01409311123196665	60379.31	1696.1	1.1	1649.0	55588424.5221186
2022-03-02	South Africa	0.013840463668724202	60753.52	1639.1	1.1	1995.0	55588424.5221186
2022-03-03	South Africa	0.01357591002960913	59830.72	1588.82	1.07	1853.0	55588424.5221186
2022-03-04	South Africa	0.013314776167212578	57566.38	1581.46	1.01	1898.0	55588424.5221186
2022-03-05	South Africa	0.01306040054636055	54027.2	1567.39	0.92	1735.0	55588424.5221186
2022-03-06	South Africa	0.012813392826353366	49749.09	1543.03	0.82	1147.0	55588424.5221186
2022-03-07	South Africa	0.01256987144368468	45863.62	1534.96	0.75	801.0	55588424.5221186
2022-03-08	South Africa	0.012323735667799261	43072.26	1519.82	0.71	1436.0	55588424.5221186
2022-03-09	South Africa	0.012077703330715159	41368.07	1491.82	0.71	1867.0	55588424.5221186
2022-03-10	South Africa	0.011846974539419833	40677.46	1467.53	0.74	1868.0	55588424.5221186
2022-03-11	South Africa	0.01165078945064005	40873.64	1445.74	0.8	1671.0	55588424.5221186
2022-03-12	South Africa	0.011510760297683885	41919.21	1451.6	0.89	1570.0	55588424.5221186
2022-03-13	South Africa	0.011562459550265804	43638.31	1474.82	0.98	972.0	55588424.5221186
2022-03-14	South Africa	0.011749842806574052	45338.26	1469.53	1.07	671.0	55588424.5221186
2022-03-15	South Africa	0.0120909157936751	46702.76	1438.42	1.12	1648.0	55588424.5221186
2022-03-16	South Africa	0.012587652663578884	47927.67	1410.14	1.15	1980.0	55588424.5221186
2022-03-17	South Africa	0.013239259725865518	48925.1	1393.67	1.15	1681.0	55588424.5221186
2022-03-18	South Africa	0.014036189669119677	49782.38	1380.24	1.14	1422.5	55588424.5221186
2022-03-19	South Africa	0.014949830961108293	56901.08	1320.17	1.26	1422.5	55588424.5221186
2022-03-20	South Africa	0.015933405517682474	60165.43	1225.67	1.3	889.0	55588424.5221186
2022-03-21	South Africa	0.016924982279820564	64823.33	1215.1	1.36	566.0	55588424.5221186
2022-03-22	South Africa	0.01787303577212687	70685.08	1256.07	1.45	912.0	55588424.5221186
2022-03-23	South Africa	0.01874038613174743	77589.88	1270.99	1.55	1393.0	55588424.5221186
2022-03-24	South Africa	0.0194842231869521	84977.54	1283.46	1.59	2120.0	55588424.5221186
2022-03-25	South Africa	0.02007796622399154	91661.52	1291.67	1.6	1557.0	55588424.5221186
2022-03-26	South Africa	0.020522059759871068	96594.57	1338.82	1.56	1497.0	55588424.5221186
2022-03-27	South Africa	0.02073086240358301	98758.5	1405.17	1.48	989.0	55588424.5221186
2022-03-28	South Africa	0.020834232305669612	98039.06	1408.74	1.37	581.0	55588424.5221186
2022-03-29	South Africa	0.020883325440138895	94917.4	1376.08	1.21	1557.0	55588424.5221186
2022-03-30	South Africa	0.020945239948952334	89276.4	1348.46	1.04	1677.0	55588424.5221186
2022-03-31	South Africa	0.02112101179505155	81930.34	1361.41	0.9	1886.0	55588424.5221186
2022-04-01	South Africa	0.021529248405372653	74468.84	1423.92	0.78	1333.67	55588424.5221186
2022-04-02	South Africa	0.022284747780665966	68508.09	1429.99	0.71	1333.67	55588424.5221186
2022-04-03	South Africa	0.02348153147388844	65911.6	1423.46	0.72	1333.67	55588424.5221186
2022-04-04	South Africa	0.025180551563267303	67552.34	1419.82	0.8	1111.5	55588424.5221186
2022-04-05	South Africa	0.027426102522358282	74126.81	1393.98	0.98	1111.5	55588424.5221186
2022-04-06	South Africa	0.030265216085240475	87360.76	1386.17	1.29	2031.0	55588424.5221186
2022-04-07	South Africa	0.033752083929873763	107670.77	1339.15	1.7	1481.0	55588424.5221186
2022-04-08	South Africa	0.03801420418308814	133658.54	1263.14	2.17	1377.0	55588424.5221186
2022-04-09	South Africa	0.04327275058934019	163121.89	1236.07	2.57	1181.0	55588424.5221186
2022-04-10	South Africa	0.049793529926336316	193204.35	1222.32	2.78	828.0	55588424.5221186
2022-04-11	South Africa	0.05795423125759093	222865.7	1216.24	2.82	553.0	55588424.5221186
2022-04-12	South Africa	0.06796539176059398	252739.25	1270.24	2.75	1291.0	55588424.5221186
2022-04-13	South Africa	0.07893946100692185	283105.89	1305.53	2.59	1659.0	55588424.5221186
2022-04-14	South Africa	0.08981926692333804	318854.89	1307.6	2.34	1768.0	55588424.5221186
2022-04-15	South Africa	0.1004081572374679	366783.15	1331.03	2.14	1846.0	55588424.5221186
2022-04-16	South Africa	0.11091200286755351	430987.94	1367.32	2.03	1206.0	55588424.5221186
2022-04-17	South Africa	0.12160010682278602	519552.13	1464.96	1.98	832.0	55588424.5221186
2022-04-18	South Africa	0.13265895271174252	624056.98	1737.89	1.91	877.0	55588424.5221186
2022-04-19	South Africa	0.1442037476131459	684158.03	2125.1	1.82	1475.0	55588424.5221186
2022-04-20	South Africa	0.15604851036115308	692152.03	2539.89	1.76	2842.0	55588424.5221186
2022-04-21	South Africa	0.16779405982784473	696290.5	2926.6	1.75	4406.0	55588424.5221186
2022-04-22	South Africa	0.1790866340534414	717550.77	3174.24	1.74	4629.0	55588424.5221186
2022-04-23	South Africa	0.1894078625273966	757256.75	3507.39	1.72	4230.0	55588424.5221186
2022-04-24	South Africa	0.1982809913170736	807948.17	4015.67	1.67	3222.0	55588424.5221186
2022-04-25	South Africa	0.2052518089527815	864622.66	4249.17	1.62	1954.0	55588424.5221186
2022-04-26	South Africa	0.21000651161385137	911170.95	4253.82	1.55	5062.0	55588424.5221186
2022-04-27	South Africa	0.21328717285884558	936022.48	4383.96	1.47	6371.0	55588424.5221186
2022-04-28	South Africa	0.21597468633461525	946591.3	4592.03	1.41	4146.0	55588424.5221186
2022-04-29	South Africa	0.2181057517680827	940523.98	4742.89	1.36	4954.0	55588424.5221186
2022-04-30	South Africa	0.21946613498905185	924231.19	4701.39	1.31	5727.0	55588424.5221186
2022-05-01	South Africa	0.21985832131538544	907048.9	4595.82	1.25	4638.0	55588424.5221186
2022-05-02	South Africa	0.21913839859147233	888363.41	4982.24	1.19	2650.0	55588424.5221186
2022-05-03	South Africa	0.2171814587980678	866524.82	5690.1	1.13	3785.0	55588424.5221186
2022-05-04	South Africa	0.21414439143284994	841546.67	6196.96	1.06	6170.0	55588424.5221186
2022-05-05	South Africa	0.21034367137617818	814753.07	6457.32	1.01	9757.0	55588424.5221186
2022-05-06	South Africa	0.20589922665366778	793172.33	6559.82	0.97	9253.0	55588424.5221186
2022-05-07	South Africa	0.20100672749870815	779057.77	6868.74	0.94	8524.0	55588424.5221186
2022-05-08	South Africa	0.19586180222948774	767928.8	7410.53	0.93	5486.0	55588424.5221186
2022-05-09	South Africa	0.19056983195817792	755839.46	7625.53	0.93	3237.0	55588424.5221186
2022-05-10	South Africa	0.18523387141333506	742345.16	7501.17	0.92	7523.0	55588424.5221186
2022-05-11	South Africa	0.17995953358993916	724746.44	7400.24	0.91	10017.0	55588424.5221186
2022-05-12	South Africa	0.17478232066343344	699531.62	7282.32	0.89	8920.0	55588424.5221186
2022-05-13	South Africa	0.1696776131197417	668557.66	7180.39	0.86	8349.0	55588424.5221186
2022-05-14	South Africa	0.16454797520588896	638232.9	6986.67	0.84	8015.0	55588424.5221186
2022-05-15	South Africa	0.15929304466034402	612876.61	6682.03	0.82	4344.0	55588424.5221186
2022-05-16	South Africa	0.1538645362506493	591745.77	6399.78	0.81	2952.0	55588424.5221186
2022-05-17	South Africa	0.14830308091785807	573332.69	6138.64	0.8	5096.0	55588424.5221186
2022-05-18	South Africa	0.14268444803367328	553753.56	5814.46	0.8	8179.0	55588424.5221186
2022-05-19	South Africa	0.13711666134677322	530990.42	5520.17	0.79	6806.5	55588424.5221186
2022-05-20	South Africa	0.13181154301440068	508023.84	5347.74	0.79	6806.5	55588424.5221186
2022-05-21	South Africa	0.1269473681016468	486944.46	5193.53	0.78	5019.0	55588424.5221186
2022-05-22	South Africa	0.12252191762135635	466166.57	4924.67	0.78	3220.0	55588424.5221186
2022-05-23	South Africa	0.11840944776876972	446686.92	4503.14	0.77	1662.0	55588424.5221186
2022-05-24	South Africa	0.1144819765033603	430014.21	4036.07	0.77	4227.0	55588424.5221186
2022-05-25	South Africa	0.11057438977343653	415241.95	3716.24	0.78	5284.0	55588424.5221186
2022-05-26	South Africa	0.10658800318477137	404628.45	3545.46	0.8	3800.0	55588424.5221186
2022-05-27	South Africa	0.10255462299946341	398165.84	3395.17	0.83	3274.0	55588424.5221186
2022-05-28	South Africa	0.09853738268513963	392229.08	3246.67	0.85	4074.0	55588424.5221186
2022-05-29	South Africa	0.09462736091588593	384270.89	2956.82	0.87	1774.0	55588424.5221186
2022-05-30	South Africa	0.09094869108924546	373423.83	2709.17	0.87	1004.0	55588424.5221186
2022-05-31	South Africa	0.08754362138944337	356116.1	2560.89	0.85	2806.0	55588424.5221186
2022-06-01	South Africa	0.08437743613571365	332156.61	2299.17	0.8	2647.0	55588424.5221186
2022-06-02	South Africa	0.08140163728150832	306781.17	2080.24	0.76	2970.0	55588424.5221186
2022-06-03	South Africa	0.0785375814754897	284711.78	2061.89	0.72	2028.0	55588424.5221186
2022-06-04	South Africa	0.07568996164526742	269592.51	1988.89	0.71	1656.0	55588424.5221186
2022-06-05	South Africa	0.07280188824904947	261675.11	1848.46	0.73	1127.0	55588424.5221186
2022-06-06	South Africa	0.06988517849528615	257404.46	1737.89	0.76	1394.0	55588424.5221186
2022-06-07	South Africa	0.06694963388500366	254010.96	1635.67	0.8	1394.0	55588424.5221186
2022-06-08	South Africa	0.06406445749479703	249821.98	1555.82	0.83	2093.0	55588424.5221186
2022-06-09	South Africa	0.061341117315588244	245420.1	1495.39	0.86	1976.0	55588424.5221186
2022-06-10	South Africa	0.05882987668950331	239871.14	1422.32	0.86	1591.0	55588424.5221186
2022-06-11	South Africa	0.05652978200074083	231685.63	1312.17	0.85	975.0	55588424.5221186
2022-06-12	South Africa	0.054392382334867526	222135.59	1249.74	0.81	962.0	55588424.5221186
2022-06-13	South Africa	0.052359169467770916	210241.53	1233.32	0.78	536.0	55588424.5221186
2022-06-14	South Africa	0.050380768551655	195733.69	1186.17	0.73	710.0	55588424.5221186
2022-06-15	South Africa	0.048479595944074645	180770.42	1142.07	0.68	1903.0	55588424.5221186
2022-06-16	South Africa	0.04666755124473404	167185.26	1143.35	0.65	1936.0	55588424.5221186
2022-06-17	South Africa	0.044928196139220514	156853.14	1126.96	0.63	971.0	55588424.5221186
2022-06-18	South Africa	0.04325683252712477	150777.83	1134.28	0.64	977.5	55588424.5221186
2022-06-19	South Africa	0.04163406968080401	148652.01	1098.71	0.67	977.5	55588424.5221186
2022-06-20	South Africa	0.04012277068785321	147428.27	975.03	0.72	291.0	55588424.5221186
2022-06-21	South Africa	0.038744404226513526	148327.77	909.96	0.78	1057.5	55588424.5221186
2022-06-22	South Africa	0.0375572923310551	149093.27	905.57	0.84	1057.5	55588424.5221186
2022-06-23	South Africa	0.036594446910266046	148732.09	869.21	0.89	1050.0	55588424.5221186
2022-06-24	South Africa	0.03578663610458055	146962.67	829.82	0.91	946.0	55588424.5221186
2022-06-25	South Africa	0.03516027638492082	141478.8	773.14	0.92	941.0	55588424.5221186
2022-06-26	South Africa	0.034651279228709975	138124.86	677.99	0.9	505.0	55588424.5221186
2022-06-27	South Africa	0.03418801263640435	133620.31	573.14	0.87	212.0	55588424.5221186
2022-06-28	South Africa	0.03375128466275329	129744.01	459.07	0.85	343.0	55588424.5221186
2022-06-29	South Africa	0.03325550302769303	127247.36	365.67	0.84	440.0	55588424.5221186
2022-06-30	South Africa	0.03271560825179308	122280.33	365.82	0.84	199.5	55588424.5221186
2022-07-01	South Africa	0.032139849714379144	122034.79	408.49	0.85	199.5	55588424.5221186
2022-07-02	South Africa	0.03153622998080226	122483.48	404.07	0.88	380.0	55588424.5221186
2022-07-03	South Africa	0.03096540574405178	122899.75	405.74	0.92	1068.0	55588424.5221186
2022-07-04	South Africa	0.030397300238787207	123151.25	440.07	0.96	246.5	55588424.5221186
2022-07-05	South Africa	0.02986986381201217	120768.05	477.64	0.98	246.5	55588424.5221186
2022-07-06	South Africa	0.029359135899788218	119081.37	479.13	0.98	560.0	55588424.5221186
2022-07-07	South Africa	0.02884725433011578	116726.58	409.32	0.96	560.0	55588424.5221186
2022-07-08	South Africa	0.028369352496624718	113408.4	349.04	0.93	365.0	55588424.5221186
2022-07-09	South Africa	0.02783229194388102	109747.58	348.17	0.9	235.33	55588424.5221186
2022-07-10	South Africa	0.027222871002538812	106544.77	325.64	0.87	235.33	55588424.5221186
2022-07-11	South Africa	0.02653776469978964	104300.95	293.77	0.86	235.33	55588424.5221186
2022-07-12	South Africa	0.025775768108518275	101353.45	288.89	0.85	245.5	55588424.5221186
2022-07-13	South Africa	0.024994870100107775	98792.67	307.2	0.85	245.5	55588424.5221186
2022-07-14	South Africa	0.0241914931311809	95714.52	331.39	0.84	428.33	55588424.5221186
2022-07-15	South Africa	0.023389704262668072	92180.44	352.2	0.83	428.33	55588424.5221186
2022-07-16	South Africa	0.02261392098816925	88606.73	372.28	0.82	428.33	55588424.5221186
2022-07-17	South Africa	0.021880163729339756	84815.77	403.71	0.8	381.0	55588424.5221186
2022-07-18	South Africa	0.02117394241910314	80793.06	421.43	0.78	381.0	55588424.5221186
2022-07-19	South Africa	0.020469442690307663	77359.16	409.46	0.76	381.0	55588424.5221186
2022-07-20	South Africa	0.019779784360726017	74422.91	391.1	0.76	550.0	55588424.5221186
2022-07-21	South Africa	0.019126564732500153	72156.4	373.67	0.77	372.0	55588424.5221186
2022-07-22	South Africa	0.018556579699242143	70283.83	359.63	0.79	317.0	55588424.5221186
2022-07-23	South Africa	0.018092121132158148	68959.17	354.43	0.81	282.67	55588424.5221186
2022-07-24	South Africa	0.0177480968111884	67287.04	346.03	0.83	282.67	55588424.5221186
2022-07-25	South Africa	0.01753769581312906	65138.92	338.27	0.84	282.67	55588424.5221186
2022-07-26	South Africa	0.01747772289558984	63016.43	343.39	0.84	406.67	55588424.5221186
2022-07-27	South Africa	0.01755449193584753	62481.22	341.17	0.86	406.67	55588424.5221186
2022-07-28	South Africa	0.017730209094302223	64029.95	331.45	0.91	406.67	55588424.5221186
2022-07-29	South Africa	0.01796155366127917	66361.92	321.73	0.97	354.0	55588424.5221186
2022-07-30	South Africa	0.018230007392938036	69482.96	303.16	1.05	214.64	55588424.5221186
2022-07-31	South Africa	0.01850270949108741	73119.91	275.72	1.15	214.64	55588424.5221186
2022-08-01	South Africa	0.01877383913956311	77459.26	248.29	1.24	214.64	55588424.5221186
2022-08-02	South Africa	0.01905139098839921	81626.63	224.62	1.3	214.64	55588424.5221186
2022-08-03	South Africa	0.019333264600301367	84190.75	214.67	1.31	214.64	55588424.5221186
2022-08-04	South Africa	0.01960219127214924	85016.48	214.67	1.29	214.64	55588424.5221186
2022-08-05	South Africa	0.019826340995893293	85206.75	214.67	1.23	214.64	55588424.5221186
2022-08-06	South Africa	0.01997338311968558	84118.25	214.67	1.13	214.64	55588424.5221186
2022-08-07	South Africa	0.020022473555751354	82358.71	205.19	1.05	214.64	55588424.5221186
2022-08-08	South Africa	0.019964376748227784	80567.59	186.24	0.98	214.64	55588424.5221186
2022-08-09	South Africa	0.01977597781283733	78685.34	191.62	0.94	214.64	55588424.5221186
2022-08-10	South Africa	0.01946265502756807	77430.43	221.31	0.92	82.0	55588424.5221186
2022-08-11	South Africa	0.019054608744641408	76490.08	237.9	0.9	82.0	55588424.5221186
2022-08-12	South Africa	0.01859134790892995	74535.76	244.24	0.9	422.5	55588424.5221186
2022-08-13	South Africa	0.01810537910819067	72211.82	251.58	0.9	422.5	55588424.5221186
2022-08-14	South Africa	0.017636802777346184	69890.4	269.32	0.89	239.0	55588424.5221186
2022-08-15	South Africa	0.017208755927582847	66986.46	296.67	0.86	279.0	55588424.5221186
2022-08-16	South Africa	0.016837090060496086	64209.51	297.85	0.83	253.0	55588424.5221186
2022-08-17	South Africa	0.01656318033682796	61508.1	272.28	0.81	292.0	55588424.5221186
2022-08-18	South Africa	0.016409371696387037	59264.54	250.46	0.8	255.0	55588424.5221186
2022-08-19	South Africa	0.016350388373362737	58192.51	232.74	0.8	266.0	55588424.5221186
2022-08-20	South Africa	0.0163919993745718	58070.83	219.17	0.82	221.0	55588424.5221186
2022-08-21	South Africa	0.016518555938469397	58564.26	212.6	0.87	135.0	55588424.5221186
2022-08-22	South Africa	0.016681847848215612	59907.27	212.46	0.94	135.0	55588424.5221186
2022-08-23	South Africa	0.016857099622011137	63459.13	214.24	1.05	207.0	55588424.5221186
2022-08-24	South Africa	0.01701211229009946	68880.45	212.17	1.18	246.0	55588424.5221186
2022-08-25	South Africa	0.01713209680229491	73211.29	212.32	1.29	299.0	55588424.5221186
2022-08-26	South Africa	0.0172311048250499	76848.85	208.82	1.37	247.0	55588424.5221186
2022-08-27	South Africa	0.0173123121994054	79246.9	205.82	1.4	211.0	55588424.5221186
2022-08-28	South Africa	0.01738600326072285	78967.54	209.6	1.35	147.0	55588424.5221186
2022-08-29	South Africa	0.01749172347226908	76728.43	212.24	1.24	74.0	55588424.5221186
2022-08-30	South Africa	0.017643304490663425	72826.42	212.39	1.1	226.0	55588424.5221186
2022-08-31	South Africa	0.017791496314245727	68177.85	209.24	0.97	280.0	55588424.5221186
2022-09-01	South Africa	0.01786620017634831	64768.24	207.03	0.87	302.0	55588424.5221186
2022-09-02	South Africa	0.017862107058006567	62706.7	210.32	0.82	246.0	55588424.5221186
2022-09-03	South Africa	0.017785665244148197	62167.2	215.39	0.83	168.0	55588424.5221186
2022-09-04	South Africa	0.01765838532821561	64441.08	216.82	0.9	159.0	55588424.5221186
2022-09-05	South Africa	0.017530616281672948	68333.42	213.67	1.0	108.0	55588424.5221186
2022-09-06	South Africa	0.01742834085205112	71696.88	217.67	1.08	263.0	55588424.5221186
2022-09-07	South Africa	0.017377390316497213	73033.12	227.82	1.13	263.0	55588424.5221186
2022-09-08	South Africa	0.017392144467330783	72983.76	229.82	1.14	275.0	55588424.5221186
2022-09-09	South Africa	0.01745275258905691	72599.57	225.6	1.12	329.0	55588424.5221186
2022-09-10	South Africa	0.017528918086395576	72171.61	221.89	1.07	227.0	55588424.5221186
2022-09-11	South Africa	0.017573168665920836	71865.06	220.1	1.02	128.0	55588424.5221186
2022-09-12	South Africa	0.017520409840226236	71043.1	226.17	0.98	80.0	55588424.5221186
2022-09-13	South Africa	0.017326407040314018	69994.16	228.74	0.95	239.0	55588424.5221186
2022-09-14	South Africa	0.017010792051207445	68998.01	227.1	0.93	262.0	55588424.5221186
2022-09-15	South Africa	0.0166244252817831	68137.35	229.78	0.91	361.0	55588424.5221186
2022-09-16	South Africa	0.01620372204723299	66940.62	234.71	0.88	279.0	55588424.5221186
2022-09-17	South Africa	0.015776253195502087	64627.02	232.64	0.83	254.0	55588424.5221186
2022-09-18	South Africa	0.015389763918558261	61508.3	218.49	0.78	138.5	55588424.5221186
2022-09-19	South Africa	0.015109760839971158	57549.11	224.17	0.72	138.5	55588424.5221186
2022-09-20	South Africa	0.015031039055038059	54152.34	228.67	0.68	151.5	55588424.5221186
2022-09-21	South Africa	0.015214230791223136	51555.6	215.35	0.66	151.5	55588424.5221186
2022-09-22	South Africa	0.01568902352418678	49597.53	215.1	0.68	551.0	55588424.5221186
2022-09-23	South Africa	0.016468047761198014	48837.25	226.07	0.75	152.0	55588424.5221186
2022-09-24	South Africa	0.01755804951103877	50687.28	244.64	0.87	194.5	55588424.5221186
2022-09-25	South Africa	0.018938048506503668	56300.13	269.24	1.04	194.5	55588424.5221186
2022-09-26	South Africa	0.020571049635432593	66667.08	266.71	1.29	236.0	55588424.5221186
2022-09-27	South Africa	0.022354104486367633	80177.5	262.32	1.6	314.0	55588424.5221186
2022-09-28	South Africa	0.0241692624237877	95390.99	272.48	1.92	333.5	55588424.5221186
2022-09-29	South Africa	0.02596290347149049	111442.08	270.51	2.22	333.5	55588424.5221186
2022-09-30	South Africa	0.02767577320684544	127532.1	265.58	2.4	308.0	55588424.5221186
2022-10-01	South Africa	0.029241824965793226	141338.99	252.12	2.43	180.75	55588424.5221186
2022-10-02	South Africa	0.030602456799672686	152284.26	243.21	2.29	180.75	55588424.5221186
2022-10-03	South Africa	0.031676321916613494	156666.32	240.49	2.04	180.75	55588424.5221186
2022-10-04	South Africa	0.03235379911305778	155054.11	240.82	1.75	180.75	55588424.5221186
2022-10-05	South Africa	0.03260256907045237	151261.28	248.12	1.49	342.0	55588424.5221186
2022-10-06	South Africa	0.03243186608540511	144813.26	255.44	1.25	287.0	55588424.5221186
2022-10-07	South Africa	0.03185380688915618	135891.6	255.76	1.06	359.0	55588424.5221186
2022-10-08	South Africa	0.030905896592129625	126322.66	265.23	0.92	232.0	55588424.5221186
2022-10-09	South Africa	0.029672291024252548	115994.6	279.39	0.81	232.0	55588424.5221186
2022-10-10	South Africa	0.028247410382627538	104326.97	293.82	0.74	134.0	55588424.5221186
2022-10-11	South Africa	0.02679271867846124	94006.23	309.53	0.71	360.0	55588424.5221186
2022-10-12	South Africa	0.025424849366573393	85901.88	323.1	0.7	361.0	55588424.5221186
2022-10-13	South Africa	0.024171411792132405	79308.68	330.82	0.72	470.0	55588424.5221186
2022-10-14	South Africa	0.023045589635127435	74839.26	331.39	0.78	396.0	55588424.5221186
2022-10-15	South Africa	0.02206884060029203	72764.8	337.82	0.87	385.0	55588424.5221186
2022-10-16	South Africa	0.021258160492204622	73077.39	344.96	0.97	187.0	55588424.5221186
2022-10-17	South Africa	0.020660090115398537	75802.3	344.89	1.07	187.0	55588424.5221186
2022-10-18	South Africa	0.020336645978340007	79016.41	341.74	1.14	397.0	55588424.5221186
2022-10-19	South Africa	0.020301971673094436	81584.66	332.17	1.18	424.0	55588424.5221186
2022-10-20	South Africa	0.020547379599605682	82230.58	324.32	1.17	406.0	55588424.5221186
2022-10-21	South Africa	0.02107611054049258	81595.66	330.6	1.13	416.0	55588424.5221186
2022-10-22	South Africa	0.02184466910942631	81258.23	331.74	1.08	231.0	55588424.5221186
2022-10-23	South Africa	0.022781714194761903	82748.81	324.39	1.07	231.0	55588424.5221186
2022-10-24	South Africa	0.02380130146472398	86347.22	316.53	1.1	231.0	55588424.5221186
2022-10-25	South Africa	0.02482261751186991	92078.74	313.6	1.18	369.0	55588424.5221186
2022-10-26	South Africa	0.025773281259840904	99543.72	309.32	1.29	349.0	55588424.5221186
2022-10-27	South Africa	0.02663501965972917	108700.0	318.67	1.41	371.0	55588424.5221186
2022-10-28	South Africa	0.027439721364887253	117562.22	325.96	1.51	410.0	55588424.5221186
2022-10-29	South Africa	0.028228157993138173	124853.66	318.17	1.55	177.0	55588424.5221186
2022-10-30	South Africa	0.02904502572037394	129754.64	318.24	1.52	416.0	55588424.5221186
2022-10-31	South Africa	0.02990562053685349	132575.65	327.17	1.45	148.0	55588424.5221186
2022-11-01	South Africa	0.030803224137404293	131862.31	322.1	1.33	343.0	55588424.5221186
2022-11-02	South Africa	0.031721298906364395	129487.34	304.71	1.21	376.0	55588424.5221186
2022-11-03	South Africa	0.0326128629401729	126962.68	276.99	1.11	469.0	55588424.5221186
2022-11-04	South Africa	0.033420517598241786	125423.61	295.32	1.05	241.0	55588424.5221186
2022-11-05	South Africa	0.034096720608547355	126666.62	342.67	1.05	102.5	55588424.5221186
2022-11-06	South Africa	0.034622193856820055	130587.92	360.17	1.08	102.5	55588424.5221186
2022-11-07	South Africa	0.034997183797247415	136243.59	372.17	1.14	718.0	55588424.5221186
2022-11-08	South Africa	0.035236747161643565	143113.07	399.6	1.21	436.0	55588424.5221186
2022-11-09	South Africa	0.03540364791624776	149104.36	451.71	1.26	528.0	55588424.5221186
2022-11-10	South Africa	0.035513975022164565	153596.25	511.67	1.28	485.0	55588424.5221186
2022-11-11	South Africa	0.03558376760998033	155151.28	535.99	1.26	609.0	55588424.5221186
2022-11-12	South Africa	0.03560142344405797	154063.89	579.24	1.21	464.0	55588424.5221186
2022-11-13	South Africa	0.03553492956458979	150599.74	640.53	1.14	580.5	55588424.5221186
2022-11-14	South Africa	0.03535024453190075	145892.6	646.82	1.07	580.5	55588424.5221186
2022-11-15	South Africa	0.03503383045556726	141140.06	644.1	1.0	1179.0	55588424.5221186
2022-11-16	South Africa	0.03460245449544343	135620.25	631.6	0.95	643.0	55588424.5221186
2022-11-17	South Africa	0.03410806199851154	130842.34	599.85	0.91	458.0	55588424.5221186
2022-11-18	South Africa	0.033623130284189	126405.07	559.78	0.89	598.0	55588424.5221186
2022-11-19	South Africa	0.03324184784666342	122970.33	496.65	0.88	300.0	55588424.5221186
2022-11-20	South Africa	0.033022722010579444	120321.57	485.56	0.89	300.0	55588424.5221186
2022-11-21	South Africa	0.03301288525041398	118654.63	492.75	0.91	300.0	55588424.5221186
2022-11-22	South Africa	0.033212381819984635	119133.56	507.73	0.95	380.0	55588424.5221186
2022-11-23	South Africa	0.03358701754997755	121621.86	494.41	1.0	843.0	55588424.5221186
2022-11-24	South Africa	0.034128776203130554	126639.66	472.93	1.08	514.0	55588424.5221186
2022-11-25	South Africa	0.03483156496420536	133956.39	457.22	1.17	431.0	55588424.5221186
2022-11-26	South Africa	0.03568411961757825	141883.03	450.49	1.25	211.5	55588424.5221186
2022-11-27	South Africa	0.03665818194198277	150052.93	436.65	1.31	211.5	55588424.5221186
2022-11-28	South Africa	0.037749984606327947	156982.3	403.3	1.34	268.0	55588424.5221186
2022-11-29	South Africa	0.03892596432804121	161965.47	370.41	1.35	465.0	55588424.5221186
2022-11-30	South Africa	0.04014847873790652	165735.76	355.05	1.32	445.0	55588424.5221186
2022-12-01	South Africa	0.041375341535085874	169909.26	349.1	1.29	318.0	55588424.5221186
2022-12-02	South Africa	0.042550911279358776	173797.24	339.43	1.26	312.0	55588424.5221186
2022-12-03	South Africa	0.04363803275329	177116.92	318.38	1.23	249.0	55588424.5221186
2022-12-04	South Africa	0.04462203563644843	181013.16	293.2	1.21	143.0	55588424.5221186
2022-12-05	South Africa	0.04549195829419095	184025.49	296.69	1.19	105.0	55588424.5221186
2022-12-06	South Africa	0.04626799180064218	187091.21	335.34	1.19	225.0	55588424.5221186
2022-12-07	South Africa	0.04698962747110516	189821.23	364.18	1.18	301.0	55588424.5221186
2022-12-08	South Africa	0.04765893462128704	191987.73	378.71	1.17	879.0	55588424.5221186
2022-12-09	South Africa	0.048282044383755995	194387.76	397.47	1.17	339.0	55588424.5221186
2022-12-10	South Africa	0.04885690741099082	196582.2	419.98	1.16	309.0	55588424.5221186
2022-12-11	South Africa	0.04938914879495427	198410.56	444.43	1.15	192.0	55588424.5221186
2022-12-12	South Africa	0.049871730019923614	200120.78	470.19	1.15		55588424.5221186
2022-12-13	South Africa	0.05031450061850762	202080.06	497.06	1.14		55588424.5221186
2022-12-14	South Africa	0.05071726360724983	202941.49	524.57	1.13		55588424.5221186
2022-12-15	South Africa	0.05108000711317482	204546.95	553.4	1.12		55588424.5221186
2022-12-16	South Africa	0.05140491162621447	205752.97	581.36	1.12		55588424.5221186
2022-12-17	South Africa	0.05169427600626809	206703.38	609.67	1.11		55588424.5221186
2022-12-18	South Africa	0.051948892684500585	207839.09	638.29	1.1		55588424.5221186
2022-12-19	South Africa	0.05216980522349714	208638.41	665.76	1.1		55588424.5221186
2022-12-20	South Africa	0.05235785822355728	209480.17	694.39	1.09		55588424.5221186
2022-12-21	South Africa	0.05250357507143767	209985.57	721.64	1.09		55588424.5221186
2022-12-22	South Africa	0.05262895243300018	210048.66	749.2	1.08		55588424.5221186
2022-12-23	South Africa	0.05272086257515516	210473.07	776.35	1.07		55588424.5221186
2022-12-24	South Africa	0.052776702078193516	210735.94	802.37	1.07		55588424.5221186
2022-12-25	South Africa	0.0528001346545113	210690.74	828.4	1.06		55588424.5221186
2022-12-26	South Africa	0.049061243117527714	210574.35	853.25	1.06		55588424.5221186
2022-12-27	South Africa	0.04530797232790526	210180.23	878.36	1.05		55588424.5221186
2022-12-28	South Africa	0.041539558817343405	209911.02	903.11	1.04		55588424.5221186
2022-12-29	South Africa	0.037762053485879174	209656.09	925.55	1.04		55588424.5221186
2022-12-30	South Africa	0.03398341320589748	208857.0	948.02	1.03		55588424.5221186
2022-12-31	South Africa	0.03019713806301673	208005.96	969.77	1.03		55588424.5221186
